,COUNTY_FULL,STATE_NAME,YEAR,UE_RATE
0,BECKER COUNTY,Minnesota,2022,2.9
1,CARLTON COUNTY,Minnesota,2022,3.6
2,LAC QUI PARLE COUNTY,Minnesota,2022,2.7
3,DOUGLAS COUNTY,Minnesota,2022,2.4
4,COOK COUNTY,Minnesota,2022,3.5
5,ISANTI COUNTY,Minnesota,2022,3.4
6,BIG STONE COUNTY,Minnesota,2022,3.3
7,KITTSON COUNTY,Minnesota,2022,2.8
8,CASS COUNTY,Minnesota,2022,4.2
9,LINCOLN COUNTY,Minnesota,2022,2.9
10,COTTONWOOD COUNTY,Minnesota,2022,2.8
11,BENTON COUNTY,Minnesota,2022,3.4
12,KOOCHICHING COUNTY,Minnesota,2022,4.0
13,BLUE EARTH COUNTY,Minnesota,2022,2.3
14,BELTRAMI COUNTY,Minnesota,2022,3.3
15,CARVER COUNTY,Minnesota,2022,2.2
16,BROWN COUNTY,Minnesota,2022,2.7
17,HENNEPIN COUNTY,Minnesota,2022,2.5
18,AITKIN COUNTY,Minnesota,2022,4.5
19,GRANT COUNTY,Minnesota,2022,2.9
20,KANABEC COUNTY,Minnesota,2022,4.7
21,LYON COUNTY,Minnesota,2022,2.5
22,FILLMORE COUNTY,Minnesota,2022,2.6
23,CROW WING COUNTY,Minnesota,2022,3.2
24,DODGE COUNTY,Minnesota,2022,2.7
25,LAKE OF THE WOODS COUNTY,Minnesota,2022,3.2
26,CHISAGO COUNTY,Minnesota,2022,3.1
27,ITASCA COUNTY,Minnesota,2022,4.5
28,CLEARWATER COUNTY,Minnesota,2022,6.6
29,JACKSON COUNTY,Minnesota,2022,2.5
30,FARIBAULT COUNTY,Minnesota,2022,3.2
31,DAKOTA COUNTY,Minnesota,2022,2.4
32,CHIPPEWA COUNTY,Minnesota,2022,2.4
33,CLAY COUNTY,Minnesota,2022,2.2
34,LE SUEUR COUNTY,Minnesota,2022,3.6
35,HUBBARD COUNTY,Minnesota,2022,4.2
36,FREEBORN COUNTY,Minnesota,2022,2.7
37,LAKE COUNTY,Minnesota,2022,5.0
38,HOUSTON COUNTY,Minnesota,2022,2.3
39,GOODHUE COUNTY,Minnesota,2022,2.6
40,KANDIYOHI COUNTY,Minnesota,2022,2.9
41,ANOKA COUNTY,Minnesota,2022,2.6
43,RED LAKE COUNTY,Minnesota,2022,4.3
44,NORMAN COUNTY,Minnesota,2022,4.3
45,MARTIN COUNTY,Minnesota,2022,3.5
46,SWIFT COUNTY,Minnesota,2022,4.0
47,PENNINGTON COUNTY,Minnesota,2022,4.0
48,OTTER TAIL COUNTY,Minnesota,2022,3.7
49,SHERBURNE COUNTY,Minnesota,2022,3.9
50,STEARNS COUNTY,Minnesota,2022,4.0
51,MAHNOMEN COUNTY,Minnesota,2022,6.6
52,PINE COUNTY,Minnesota,2022,5.5
53,ROCK COUNTY,Minnesota,2022,2.1
54,MEEKER COUNTY,Minnesota,2022,3.7
55,TRAVERSE COUNTY,Minnesota,2022,3.4
56,MURRAY COUNTY,Minnesota,2022,4.1
57,MORRISON COUNTY,Minnesota,2022,4.8
58,STEELE COUNTY,Minnesota,2022,3.6
59,WASECA COUNTY,Minnesota,2022,4.3
60,SAINT LOUIS COUNTY,Minnesota,2022,4.2
61,RICE COUNTY,Minnesota,2022,3.5
62,WATONWAN COUNTY,Minnesota,2022,3.3
63,YELLOW MEDICINE COUNTY,Minnesota,2022,3.2
64,REDWOOD COUNTY,Minnesota,2022,3.7
65,STEVENS COUNTY,Minnesota,2022,2.6
66,NOBLES COUNTY,Minnesota,2022,3.1
67,TODD COUNTY,Minnesota,2022,4.1
68,PIPESTONE COUNTY,Minnesota,2022,3.1
69,WINONA COUNTY,Minnesota,2022,3.1
70,NICOLLET COUNTY,Minnesota,2022,3.0
71,WILKIN COUNTY,Minnesota,2022,3.1
72,WADENA COUNTY,Minnesota,2022,4.9
73,MCLEOD COUNTY,Minnesota,2022,3.8
74,MARSHALL COUNTY,Minnesota,2022,4.5
75,WRIGHT COUNTY,Minnesota,2022,3.5
76,MOWER COUNTY,Minnesota,2022,3.4
77,WABASHA COUNTY,Minnesota,2022,3.3
78,POLK COUNTY,Minnesota,2022,4.2
79,RAMSEY COUNTY,Minnesota,2022,4.2
80,ROSEAU COUNTY,Minnesota,2022,3.2
81,POPE COUNTY,Minnesota,2022,3.2
82,MILLE LACS COUNTY,Minnesota,2022,5.7
83,WASHINGTON COUNTY,Minnesota,2022,3.3
84,RENVILLE COUNTY,Minnesota,2022,4.3
85,SCOTT COUNTY,Minnesota,2022,3.4
86,OLMSTED COUNTY,Minnesota,2022,3.1
87,SIBLEY COUNTY,Minnesota,2022,4.0
88,BECKER COUNTY,Minnesota,2021,3.6
89,CARLTON COUNTY,Minnesota,2021,4.4
90,LAC QUI PARLE COUNTY,Minnesota,2021,3.1
91,DOUGLAS COUNTY,Minnesota,2021,3.1
92,COOK COUNTY,Minnesota,2021,4.8
93,ISANTI COUNTY,Minnesota,2021,4.5
94,BIG STONE COUNTY,Minnesota,2021,3.8
95,KITTSON COUNTY,Minnesota,2021,3.2
96,CASS COUNTY,Minnesota,2021,4.9
97,LINCOLN COUNTY,Minnesota,2021,3.7
98,COTTONWOOD COUNTY,Minnesota,2021,3.7
99,BENTON COUNTY,Minnesota,2021,4.7
100,KOOCHICHING COUNTY,Minnesota,2021,4.8
101,BLUE EARTH COUNTY,Minnesota,2021,3.4
102,BELTRAMI COUNTY,Minnesota,2021,4.0
103,CARVER COUNTY,Minnesota,2021,3.0
104,BROWN COUNTY,Minnesota,2021,3.4
105,HENNEPIN COUNTY,Minnesota,2021,3.8
106,AITKIN COUNTY,Minnesota,2021,5.2
107,GRANT COUNTY,Minnesota,2021,4.0
108,KANABEC COUNTY,Minnesota,2021,5.7
109,LYON COUNTY,Minnesota,2021,3.0
110,FILLMORE COUNTY,Minnesota,2021,3.3
111,CROW WING COUNTY,Minnesota,2021,4.4
112,DODGE COUNTY,Minnesota,2021,3.4
113,LAKE OF THE WOODS COUNTY,Minnesota,2021,4.0
114,CHISAGO COUNTY,Minnesota,2021,4.1
115,ITASCA COUNTY,Minnesota,2021,5.1
116,CLEARWATER COUNTY,Minnesota,2021,6.5
117,JACKSON COUNTY,Minnesota,2021,3.5
118,FARIBAULT COUNTY,Minnesota,2021,4.1
119,DAKOTA COUNTY,Minnesota,2021,3.5
120,CHIPPEWA COUNTY,Minnesota,2021,3.2
121,CLAY COUNTY,Minnesota,2021,3.0
122,LE SUEUR COUNTY,Minnesota,2021,4.6
123,HUBBARD COUNTY,Minnesota,2021,4.4
124,FREEBORN COUNTY,Minnesota,2021,3.8
125,LAKE COUNTY,Minnesota,2021,3.9
126,HOUSTON COUNTY,Minnesota,2021,3.1
127,GOODHUE COUNTY,Minnesota,2021,3.5
128,KANDIYOHI COUNTY,Minnesota,2021,3.9
129,ANOKA COUNTY,Minnesota,2021,3.8
131,RED LAKE COUNTY,Minnesota,2021,6.5
132,NORMAN COUNTY,Minnesota,2021,6.4
133,MARTIN COUNTY,Minnesota,2021,5.4
134,SWIFT COUNTY,Minnesota,2021,5.9
135,PENNINGTON COUNTY,Minnesota,2021,6.2
136,OTTER TAIL COUNTY,Minnesota,2021,5.5
137,SHERBURNE COUNTY,Minnesota,2021,6.2
138,STEARNS COUNTY,Minnesota,2021,5.8
139,MAHNOMEN COUNTY,Minnesota,2021,13.2
140,PINE COUNTY,Minnesota,2021,8.8
141,ROCK COUNTY,Minnesota,2021,3.1
142,MEEKER COUNTY,Minnesota,2021,5.4
143,TRAVERSE COUNTY,Minnesota,2021,4.5
144,MURRAY COUNTY,Minnesota,2021,5.2
145,MORRISON COUNTY,Minnesota,2021,6.9
146,STEELE COUNTY,Minnesota,2021,5.5
147,WASECA COUNTY,Minnesota,2021,6.3
148,SAINT LOUIS COUNTY,Minnesota,2021,7.3
149,RICE COUNTY,Minnesota,2021,5.4
150,WATONWAN COUNTY,Minnesota,2021,4.7
151,YELLOW MEDICINE COUNTY,Minnesota,2021,4.6
152,REDWOOD COUNTY,Minnesota,2021,5.6
153,STEVENS COUNTY,Minnesota,2021,3.3
154,NOBLES COUNTY,Minnesota,2021,4.3
155,TODD COUNTY,Minnesota,2021,5.4
156,PIPESTONE COUNTY,Minnesota,2021,4.1
157,WINONA COUNTY,Minnesota,2021,5.0
158,NICOLLET COUNTY,Minnesota,2021,4.9
159,WILKIN COUNTY,Minnesota,2021,4.2
160,WADENA COUNTY,Minnesota,2021,7.8
161,MCLEOD COUNTY,Minnesota,2021,5.8
162,MARSHALL COUNTY,Minnesota,2021,6.6
163,WRIGHT COUNTY,Minnesota,2021,5.6
164,MOWER COUNTY,Minnesota,2021,5.1
165,WABASHA COUNTY,Minnesota,2021,5.4
166,POLK COUNTY,Minnesota,2021,5.7
167,RAMSEY COUNTY,Minnesota,2021,7.0
168,ROSEAU COUNTY,Minnesota,2021,5.8
169,POPE COUNTY,Minnesota,2021,4.5
170,MILLE LACS COUNTY,Minnesota,2021,8.6
171,WASHINGTON COUNTY,Minnesota,2021,5.7
172,RENVILLE COUNTY,Minnesota,2021,5.8
173,SCOTT COUNTY,Minnesota,2021,5.9
174,OLMSTED COUNTY,Minnesota,2021,5.5
175,SIBLEY COUNTY,Minnesota,2021,5.7
176,BECKER COUNTY,Minnesota,2020,6.3
177,CARLTON COUNTY,Minnesota,2020,7.3
178,LAC QUI PARLE COUNTY,Minnesota,2020,4.8
179,DOUGLAS COUNTY,Minnesota,2020,4.8
180,COOK COUNTY,Minnesota,2020,8.4
181,ISANTI COUNTY,Minnesota,2020,6.8
182,BIG STONE COUNTY,Minnesota,2020,4.8
183,KITTSON COUNTY,Minnesota,2020,4.7
184,CASS COUNTY,Minnesota,2020,9.2
185,LINCOLN COUNTY,Minnesota,2020,4.5
186,COTTONWOOD COUNTY,Minnesota,2020,4.8
187,BENTON COUNTY,Minnesota,2020,6.7
188,KOOCHICHING COUNTY,Minnesota,2020,7.5
189,BLUE EARTH COUNTY,Minnesota,2020,5.4
190,BELTRAMI COUNTY,Minnesota,2020,6.4
191,CARVER COUNTY,Minnesota,2020,5.2
192,BROWN COUNTY,Minnesota,2020,5.2
193,HENNEPIN COUNTY,Minnesota,2020,6.6
194,AITKIN COUNTY,Minnesota,2020,8.3
195,GRANT COUNTY,Minnesota,2020,5.4
196,KANABEC COUNTY,Minnesota,2020,8.2
197,LYON COUNTY,Minnesota,2020,4.5
198,FILLMORE COUNTY,Minnesota,2020,5.2
199,CROW WING COUNTY,Minnesota,2020,7.3
200,DODGE COUNTY,Minnesota,2020,5.5
201,LAKE OF THE WOODS COUNTY,Minnesota,2020,6.2
202,CHISAGO COUNTY,Minnesota,2020,6.7
203,ITASCA COUNTY,Minnesota,2020,8.6
204,CLEARWATER COUNTY,Minnesota,2020,9.8
205,JACKSON COUNTY,Minnesota,2020,5.3
206,FARIBAULT COUNTY,Minnesota,2020,6.2
207,DAKOTA COUNTY,Minnesota,2020,6.3
208,CHIPPEWA COUNTY,Minnesota,2020,5.2
209,CLAY COUNTY,Minnesota,2020,4.4
210,LE SUEUR COUNTY,Minnesota,2020,6.9
211,HUBBARD COUNTY,Minnesota,2020,7.1
212,FREEBORN COUNTY,Minnesota,2020,5.7
213,LAKE COUNTY,Minnesota,2020,7.3
214,HOUSTON COUNTY,Minnesota,2020,4.4
215,GOODHUE COUNTY,Minnesota,2020,5.9
216,KANDIYOHI COUNTY,Minnesota,2020,4.9
217,ANOKA COUNTY,Minnesota,2020,6.4
219,RED LAKE COUNTY,Minnesota,2020,5.3
220,NORMAN COUNTY,Minnesota,2020,4.8
221,MARTIN COUNTY,Minnesota,2020,3.8
222,SWIFT COUNTY,Minnesota,2020,4.4
223,PENNINGTON COUNTY,Minnesota,2020,4.6
224,OTTER TAIL COUNTY,Minnesota,2020,4.2
225,SHERBURNE COUNTY,Minnesota,2020,3.5
226,STEARNS COUNTY,Minnesota,2020,3.2
227,MAHNOMEN COUNTY,Minnesota,2020,4.8
228,PINE COUNTY,Minnesota,2020,5.6
229,ROCK COUNTY,Minnesota,2020,2.3
230,MEEKER COUNTY,Minnesota,2020,3.9
231,TRAVERSE COUNTY,Minnesota,2020,3.7
232,MURRAY COUNTY,Minnesota,2020,4.3
233,MORRISON COUNTY,Minnesota,2020,5.2
234,STEELE COUNTY,Minnesota,2020,3.2
235,WASECA COUNTY,Minnesota,2020,3.9
236,SAINT LOUIS COUNTY,Minnesota,2020,4.0
237,RICE COUNTY,Minnesota,2020,3.1
238,WATONWAN COUNTY,Minnesota,2020,4.1
239,YELLOW MEDICINE COUNTY,Minnesota,2020,3.8
240,REDWOOD COUNTY,Minnesota,2020,3.7
241,STEVENS COUNTY,Minnesota,2020,2.7
242,NOBLES COUNTY,Minnesota,2020,3.0
243,TODD COUNTY,Minnesota,2020,4.4
244,PIPESTONE COUNTY,Minnesota,2020,3.5
245,WINONA COUNTY,Minnesota,2020,2.9
246,NICOLLET COUNTY,Minnesota,2020,2.6
247,WILKIN COUNTY,Minnesota,2020,3.4
248,WADENA COUNTY,Minnesota,2020,6.2
249,MCLEOD COUNTY,Minnesota,2020,3.7
250,MARSHALL COUNTY,Minnesota,2020,5.9
251,WRIGHT COUNTY,Minnesota,2020,3.3
252,MOWER COUNTY,Minnesota,2020,3.0
253,WABASHA COUNTY,Minnesota,2020,3.4
254,POLK COUNTY,Minnesota,2020,4.0
255,RAMSEY COUNTY,Minnesota,2020,3.0
256,ROSEAU COUNTY,Minnesota,2020,3.9
257,POPE COUNTY,Minnesota,2020,3.1
258,MILLE LACS COUNTY,Minnesota,2020,5.5
259,WASHINGTON COUNTY,Minnesota,2020,2.8
260,RENVILLE COUNTY,Minnesota,2020,4.6
261,SCOTT COUNTY,Minnesota,2020,2.8
262,OLMSTED COUNTY,Minnesota,2020,2.6
263,SIBLEY COUNTY,Minnesota,2020,3.9
264,BECKER COUNTY,Minnesota,2019,4.0
265,CARLTON COUNTY,Minnesota,2019,4.5
266,LAC QUI PARLE COUNTY,Minnesota,2019,3.8
267,DOUGLAS COUNTY,Minnesota,2019,3.2
268,COOK COUNTY,Minnesota,2019,4.3
269,ISANTI COUNTY,Minnesota,2019,4.1
270,BIG STONE COUNTY,Minnesota,2019,4.2
271,KITTSON COUNTY,Minnesota,2019,3.7
272,CASS COUNTY,Minnesota,2019,5.6
273,LINCOLN COUNTY,Minnesota,2019,3.8
274,COTTONWOOD COUNTY,Minnesota,2019,3.7
275,BENTON COUNTY,Minnesota,2019,3.9
276,KOOCHICHING COUNTY,Minnesota,2019,6.3
277,BLUE EARTH COUNTY,Minnesota,2019,2.8
278,BELTRAMI COUNTY,Minnesota,2019,4.3
279,CARVER COUNTY,Minnesota,2019,2.8
280,BROWN COUNTY,Minnesota,2019,3.6
281,HENNEPIN COUNTY,Minnesota,2019,2.8
282,AITKIN COUNTY,Minnesota,2019,6.2
283,GRANT COUNTY,Minnesota,2019,4.5
284,KANABEC COUNTY,Minnesota,2019,5.9
285,LYON COUNTY,Minnesota,2019,3.2
286,FILLMORE COUNTY,Minnesota,2019,3.3
287,CROW WING COUNTY,Minnesota,2019,4.4
288,DODGE COUNTY,Minnesota,2019,3.4
289,LAKE OF THE WOODS COUNTY,Minnesota,2019,4.2
290,CHISAGO COUNTY,Minnesota,2019,3.8
291,ITASCA COUNTY,Minnesota,2019,6.0
292,CLEARWATER COUNTY,Minnesota,2019,8.3
293,JACKSON COUNTY,Minnesota,2019,3.5
294,FARIBAULT COUNTY,Minnesota,2019,4.2
295,DAKOTA COUNTY,Minnesota,2019,2.9
296,CHIPPEWA COUNTY,Minnesota,2019,3.9
297,CLAY COUNTY,Minnesota,2019,3.1
298,LE SUEUR COUNTY,Minnesota,2019,4.5
299,HUBBARD COUNTY,Minnesota,2019,5.4
300,FREEBORN COUNTY,Minnesota,2019,3.5
301,LAKE COUNTY,Minnesota,2019,3.6
302,HOUSTON COUNTY,Minnesota,2019,3.2
303,GOODHUE COUNTY,Minnesota,2019,3.1
304,KANDIYOHI COUNTY,Minnesota,2019,3.5
305,ANOKA COUNTY,Minnesota,2019,3.1
307,RED LAKE COUNTY,Minnesota,2019,5.3
308,NORMAN COUNTY,Minnesota,2019,4.4
309,MARTIN COUNTY,Minnesota,2019,3.2
310,SWIFT COUNTY,Minnesota,2019,3.7
311,PENNINGTON COUNTY,Minnesota,2019,4.3
312,OTTER TAIL COUNTY,Minnesota,2019,3.7
313,SHERBURNE COUNTY,Minnesota,2019,3.2
314,STEARNS COUNTY,Minnesota,2019,3.0
315,MAHNOMEN COUNTY,Minnesota,2019,4.7
316,PINE COUNTY,Minnesota,2019,5.0
317,ROCK COUNTY,Minnesota,2019,2.4
318,MEEKER COUNTY,Minnesota,2019,3.6
319,TRAVERSE COUNTY,Minnesota,2019,3.3
320,MURRAY COUNTY,Minnesota,2019,3.8
321,MORRISON COUNTY,Minnesota,2019,4.8
322,STEELE COUNTY,Minnesota,2019,3.1
323,WASECA COUNTY,Minnesota,2019,4.2
324,SAINT LOUIS COUNTY,Minnesota,2019,3.8
325,RICE COUNTY,Minnesota,2019,2.9
326,WATONWAN COUNTY,Minnesota,2019,3.6
327,YELLOW MEDICINE COUNTY,Minnesota,2019,3.1
328,REDWOOD COUNTY,Minnesota,2019,3.7
329,STEVENS COUNTY,Minnesota,2019,2.4
330,NOBLES COUNTY,Minnesota,2019,2.7
331,TODD COUNTY,Minnesota,2019,4.0
332,PIPESTONE COUNTY,Minnesota,2019,3.0
333,WINONA COUNTY,Minnesota,2019,2.7
334,NICOLLET COUNTY,Minnesota,2019,2.3
335,WILKIN COUNTY,Minnesota,2019,3.1
336,WADENA COUNTY,Minnesota,2019,5.4
337,MCLEOD COUNTY,Minnesota,2019,3.2
338,MARSHALL COUNTY,Minnesota,2019,6.0
339,WRIGHT COUNTY,Minnesota,2019,3.1
340,MOWER COUNTY,Minnesota,2019,2.8
341,WABASHA COUNTY,Minnesota,2019,3.1
342,POLK COUNTY,Minnesota,2019,3.8
343,RAMSEY COUNTY,Minnesota,2019,2.8
344,ROSEAU COUNTY,Minnesota,2019,3.5
345,POPE COUNTY,Minnesota,2019,2.7
346,MILLE LACS COUNTY,Minnesota,2019,5.0
347,WASHINGTON COUNTY,Minnesota,2019,2.6
348,RENVILLE COUNTY,Minnesota,2019,4.1
349,SCOTT COUNTY,Minnesota,2019,2.6
350,OLMSTED COUNTY,Minnesota,2019,2.4
351,SIBLEY COUNTY,Minnesota,2019,3.3
352,BECKER COUNTY,Minnesota,2018,3.7
353,CARLTON COUNTY,Minnesota,2018,4.2
354,LAC QUI PARLE COUNTY,Minnesota,2018,3.7
355,DOUGLAS COUNTY,Minnesota,2018,2.9
356,COOK COUNTY,Minnesota,2018,3.5
357,ISANTI COUNTY,Minnesota,2018,3.8
358,BIG STONE COUNTY,Minnesota,2018,3.9
359,KITTSON COUNTY,Minnesota,2018,3.0
360,CASS COUNTY,Minnesota,2018,5.3
361,LINCOLN COUNTY,Minnesota,2018,3.1
362,COTTONWOOD COUNTY,Minnesota,2018,3.7
363,BENTON COUNTY,Minnesota,2018,3.6
364,KOOCHICHING COUNTY,Minnesota,2018,6.3
365,BLUE EARTH COUNTY,Minnesota,2018,2.6
366,BELTRAMI COUNTY,Minnesota,2018,4.2
367,CARVER COUNTY,Minnesota,2018,2.5
368,BROWN COUNTY,Minnesota,2018,3.5
369,HENNEPIN COUNTY,Minnesota,2018,2.6
370,AITKIN COUNTY,Minnesota,2018,5.8
371,GRANT COUNTY,Minnesota,2018,4.1
372,KANABEC COUNTY,Minnesota,2018,5.6
373,LYON COUNTY,Minnesota,2018,2.9
374,FILLMORE COUNTY,Minnesota,2018,3.2
375,CROW WING COUNTY,Minnesota,2018,4.1
376,DODGE COUNTY,Minnesota,2018,3.1
377,LAKE OF THE WOODS COUNTY,Minnesota,2018,3.9
378,CHISAGO COUNTY,Minnesota,2018,3.5
379,ITASCA COUNTY,Minnesota,2018,5.6
380,CLEARWATER COUNTY,Minnesota,2018,8.3
381,JACKSON COUNTY,Minnesota,2018,3.0
382,FARIBAULT COUNTY,Minnesota,2018,3.6
383,DAKOTA COUNTY,Minnesota,2018,2.6
384,CHIPPEWA COUNTY,Minnesota,2018,3.3
385,CLAY COUNTY,Minnesota,2018,3.0
386,LE SUEUR COUNTY,Minnesota,2018,4.2
387,HUBBARD COUNTY,Minnesota,2018,5.1
388,FREEBORN COUNTY,Minnesota,2018,3.3
389,LAKE COUNTY,Minnesota,2018,3.2
390,HOUSTON COUNTY,Minnesota,2018,3.0
391,GOODHUE COUNTY,Minnesota,2018,2.8
392,KANDIYOHI COUNTY,Minnesota,2018,3.0
393,ANOKA COUNTY,Minnesota,2018,2.9
395,RED LAKE COUNTY,Minnesota,2018,6.7
396,NORMAN COUNTY,Minnesota,2018,4.7
397,MARTIN COUNTY,Minnesota,2018,3.5
398,SWIFT COUNTY,Minnesota,2018,4.1
399,PENNINGTON COUNTY,Minnesota,2018,5.7
400,OTTER TAIL COUNTY,Minnesota,2018,4.0
401,SHERBURNE COUNTY,Minnesota,2018,3.8
402,STEARNS COUNTY,Minnesota,2018,3.4
403,MAHNOMEN COUNTY,Minnesota,2018,5.1
404,PINE COUNTY,Minnesota,2018,5.8
405,ROCK COUNTY,Minnesota,2018,2.1
406,MEEKER COUNTY,Minnesota,2018,4.1
407,TRAVERSE COUNTY,Minnesota,2018,3.6
408,MURRAY COUNTY,Minnesota,2018,4.4
409,MORRISON COUNTY,Minnesota,2018,5.4
410,STEELE COUNTY,Minnesota,2018,3.4
411,WASECA COUNTY,Minnesota,2018,3.9
412,SAINT LOUIS COUNTY,Minnesota,2018,4.7
413,RICE COUNTY,Minnesota,2018,3.2
414,WATONWAN COUNTY,Minnesota,2018,4.4
415,YELLOW MEDICINE COUNTY,Minnesota,2018,3.5
416,REDWOOD COUNTY,Minnesota,2018,4.1
417,STEVENS COUNTY,Minnesota,2018,2.7
418,NOBLES COUNTY,Minnesota,2018,3.2
419,TODD COUNTY,Minnesota,2018,4.0
420,PIPESTONE COUNTY,Minnesota,2018,3.4
421,WINONA COUNTY,Minnesota,2018,3.1
422,NICOLLET COUNTY,Minnesota,2018,2.6
423,WILKIN COUNTY,Minnesota,2018,3.1
424,WADENA COUNTY,Minnesota,2018,5.6
425,MCLEOD COUNTY,Minnesota,2018,3.8
426,MARSHALL COUNTY,Minnesota,2018,7.0
427,WRIGHT COUNTY,Minnesota,2018,3.6
428,MOWER COUNTY,Minnesota,2018,2.8
429,WABASHA COUNTY,Minnesota,2018,3.4
430,POLK COUNTY,Minnesota,2018,4.2
431,RAMSEY COUNTY,Minnesota,2018,3.3
432,ROSEAU COUNTY,Minnesota,2018,4.9
433,POPE COUNTY,Minnesota,2018,3.1
434,MILLE LACS COUNTY,Minnesota,2018,5.6
435,WASHINGTON COUNTY,Minnesota,2018,3.0
436,RENVILLE COUNTY,Minnesota,2018,4.5
437,SCOTT COUNTY,Minnesota,2018,2.9
438,OLMSTED COUNTY,Minnesota,2018,2.7
439,SIBLEY COUNTY,Minnesota,2018,3.6
440,BECKER COUNTY,Minnesota,2017,4.2
441,CARLTON COUNTY,Minnesota,2017,4.8
442,LAC QUI PARLE COUNTY,Minnesota,2017,3.5
443,DOUGLAS COUNTY,Minnesota,2017,3.2
444,COOK COUNTY,Minnesota,2017,3.9
445,ISANTI COUNTY,Minnesota,2017,4.4
446,BIG STONE COUNTY,Minnesota,2017,4.5
447,KITTSON COUNTY,Minnesota,2017,3.7
448,CASS COUNTY,Minnesota,2017,6.0
449,LINCOLN COUNTY,Minnesota,2017,3.2
450,COTTONWOOD COUNTY,Minnesota,2017,5.3
451,BENTON COUNTY,Minnesota,2017,4.1
452,KOOCHICHING COUNTY,Minnesota,2017,7.2
453,BLUE EARTH COUNTY,Minnesota,2017,2.9
454,BELTRAMI COUNTY,Minnesota,2017,4.9
455,CARVER COUNTY,Minnesota,2017,3.0
456,BROWN COUNTY,Minnesota,2017,3.7
457,HENNEPIN COUNTY,Minnesota,2017,3.1
458,AITKIN COUNTY,Minnesota,2017,6.3
459,GRANT COUNTY,Minnesota,2017,4.1
460,KANABEC COUNTY,Minnesota,2017,6.1
461,LYON COUNTY,Minnesota,2017,3.2
462,FILLMORE COUNTY,Minnesota,2017,3.5
463,CROW WING COUNTY,Minnesota,2017,4.5
464,DODGE COUNTY,Minnesota,2017,3.4
465,LAKE OF THE WOODS COUNTY,Minnesota,2017,4.7
466,CHISAGO COUNTY,Minnesota,2017,4.0
467,ITASCA COUNTY,Minnesota,2017,7.0
468,CLEARWATER COUNTY,Minnesota,2017,8.9
469,JACKSON COUNTY,Minnesota,2017,3.7
470,FARIBAULT COUNTY,Minnesota,2017,4.2
471,DAKOTA COUNTY,Minnesota,2017,3.1
472,CHIPPEWA COUNTY,Minnesota,2017,4.0
473,CLAY COUNTY,Minnesota,2017,3.2
474,LE SUEUR COUNTY,Minnesota,2017,4.7
475,HUBBARD COUNTY,Minnesota,2017,5.7
476,FREEBORN COUNTY,Minnesota,2017,3.7
477,LAKE COUNTY,Minnesota,2017,3.9
478,HOUSTON COUNTY,Minnesota,2017,3.5
479,GOODHUE COUNTY,Minnesota,2017,3.3
480,KANDIYOHI COUNTY,Minnesota,2017,3.3
481,ANOKA COUNTY,Minnesota,2017,3.4
483,RED LAKE COUNTY,Minnesota,2017,7.3
484,NORMAN COUNTY,Minnesota,2017,4.8
485,MARTIN COUNTY,Minnesota,2017,4.1
486,SWIFT COUNTY,Minnesota,2017,5.4
487,PENNINGTON COUNTY,Minnesota,2017,5.8
488,OTTER TAIL COUNTY,Minnesota,2017,4.4
489,SHERBURNE COUNTY,Minnesota,2017,4.1
490,STEARNS COUNTY,Minnesota,2017,3.8
491,MAHNOMEN COUNTY,Minnesota,2017,5.8
492,PINE COUNTY,Minnesota,2017,5.8
493,ROCK COUNTY,Minnesota,2017,2.3
494,MEEKER COUNTY,Minnesota,2017,4.5
495,TRAVERSE COUNTY,Minnesota,2017,3.9
496,MURRAY COUNTY,Minnesota,2017,4.7
497,MORRISON COUNTY,Minnesota,2017,5.6
498,STEELE COUNTY,Minnesota,2017,3.6
499,WASECA COUNTY,Minnesota,2017,4.3
500,SAINT LOUIS COUNTY,Minnesota,2017,5.7
501,RICE COUNTY,Minnesota,2017,3.5
502,WATONWAN COUNTY,Minnesota,2017,4.9
503,YELLOW MEDICINE COUNTY,Minnesota,2017,3.8
504,REDWOOD COUNTY,Minnesota,2017,4.1
505,STEVENS COUNTY,Minnesota,2017,3.0
506,NOBLES COUNTY,Minnesota,2017,3.8
507,TODD COUNTY,Minnesota,2017,4.7
508,PIPESTONE COUNTY,Minnesota,2017,3.8
509,WINONA COUNTY,Minnesota,2017,3.5
510,NICOLLET COUNTY,Minnesota,2017,2.8
511,WILKIN COUNTY,Minnesota,2017,3.3
512,WADENA COUNTY,Minnesota,2017,5.9
513,MCLEOD COUNTY,Minnesota,2017,4.4
514,MARSHALL COUNTY,Minnesota,2017,7.3
515,WRIGHT COUNTY,Minnesota,2017,3.9
516,MOWER COUNTY,Minnesota,2017,3.2
517,WABASHA COUNTY,Minnesota,2017,3.7
518,POLK COUNTY,Minnesota,2017,4.3
519,RAMSEY COUNTY,Minnesota,2017,3.6
520,ROSEAU COUNTY,Minnesota,2017,5.1
521,POPE COUNTY,Minnesota,2017,3.6
522,MILLE LACS COUNTY,Minnesota,2017,6.0
523,WASHINGTON COUNTY,Minnesota,2017,3.3
524,RENVILLE COUNTY,Minnesota,2017,5.3
525,SCOTT COUNTY,Minnesota,2017,3.2
526,OLMSTED COUNTY,Minnesota,2017,3.0
527,SIBLEY COUNTY,Minnesota,2017,4.3
528,BECKER COUNTY,Minnesota,2016,4.6
529,CARLTON COUNTY,Minnesota,2016,5.3
530,LAC QUI PARLE COUNTY,Minnesota,2016,4.3
531,DOUGLAS COUNTY,Minnesota,2016,3.5
532,COOK COUNTY,Minnesota,2016,4.6
533,ISANTI COUNTY,Minnesota,2016,4.7
534,BIG STONE COUNTY,Minnesota,2016,4.8
535,KITTSON COUNTY,Minnesota,2016,4.6
536,CASS COUNTY,Minnesota,2016,6.8
537,LINCOLN COUNTY,Minnesota,2016,3.6
538,COTTONWOOD COUNTY,Minnesota,2016,7.2
539,BENTON COUNTY,Minnesota,2016,4.4
540,KOOCHICHING COUNTY,Minnesota,2016,8.5
541,BLUE EARTH COUNTY,Minnesota,2016,3.2
542,BELTRAMI COUNTY,Minnesota,2016,5.2
543,CARVER COUNTY,Minnesota,2016,3.3
544,BROWN COUNTY,Minnesota,2016,4.2
545,HENNEPIN COUNTY,Minnesota,2016,3.3
546,AITKIN COUNTY,Minnesota,2016,7.0
547,GRANT COUNTY,Minnesota,2016,4.7
548,KANABEC COUNTY,Minnesota,2016,6.5
549,LYON COUNTY,Minnesota,2016,3.6
550,FILLMORE COUNTY,Minnesota,2016,4.0
551,CROW WING COUNTY,Minnesota,2016,5.1
552,DODGE COUNTY,Minnesota,2016,3.7
553,LAKE OF THE WOODS COUNTY,Minnesota,2016,4.8
554,CHISAGO COUNTY,Minnesota,2016,4.3
555,ITASCA COUNTY,Minnesota,2016,8.5
556,CLEARWATER COUNTY,Minnesota,2016,9.6
557,JACKSON COUNTY,Minnesota,2016,4.5
558,FARIBAULT COUNTY,Minnesota,2016,4.4
559,DAKOTA COUNTY,Minnesota,2016,3.4
560,CHIPPEWA COUNTY,Minnesota,2016,4.5
561,CLAY COUNTY,Minnesota,2016,3.4
562,LE SUEUR COUNTY,Minnesota,2016,4.9
563,HUBBARD COUNTY,Minnesota,2016,6.5
564,FREEBORN COUNTY,Minnesota,2016,3.8
565,LAKE COUNTY,Minnesota,2016,6.4
566,HOUSTON COUNTY,Minnesota,2016,3.9
567,GOODHUE COUNTY,Minnesota,2016,3.7
568,KANDIYOHI COUNTY,Minnesota,2016,3.8
569,ANOKA COUNTY,Minnesota,2016,3.7
571,RED LAKE COUNTY,Minnesota,2016,6.0
572,NORMAN COUNTY,Minnesota,2016,4.8
573,MARTIN COUNTY,Minnesota,2016,4.2
574,SWIFT COUNTY,Minnesota,2016,6.2
575,PENNINGTON COUNTY,Minnesota,2016,5.2
576,OTTER TAIL COUNTY,Minnesota,2016,4.3
577,SHERBURNE COUNTY,Minnesota,2016,4.1
578,STEARNS COUNTY,Minnesota,2016,3.7
579,MAHNOMEN COUNTY,Minnesota,2016,5.9
580,PINE COUNTY,Minnesota,2016,5.7
581,ROCK COUNTY,Minnesota,2016,2.2
582,MEEKER COUNTY,Minnesota,2016,4.3
583,TRAVERSE COUNTY,Minnesota,2016,4.2
584,MURRAY COUNTY,Minnesota,2016,4.5
585,MORRISON COUNTY,Minnesota,2016,5.5
586,STEELE COUNTY,Minnesota,2016,3.4
587,WASECA COUNTY,Minnesota,2016,4.2
588,SAINT LOUIS COUNTY,Minnesota,2016,5.1
589,RICE COUNTY,Minnesota,2016,3.6
590,WATONWAN COUNTY,Minnesota,2016,4.8
591,YELLOW MEDICINE COUNTY,Minnesota,2016,3.8
592,REDWOOD COUNTY,Minnesota,2016,4.0
593,STEVENS COUNTY,Minnesota,2016,2.9
594,NOBLES COUNTY,Minnesota,2016,3.3
595,TODD COUNTY,Minnesota,2016,4.5
596,PIPESTONE COUNTY,Minnesota,2016,3.4
597,WINONA COUNTY,Minnesota,2016,3.4
598,NICOLLET COUNTY,Minnesota,2016,2.7
599,WILKIN COUNTY,Minnesota,2016,3.4
600,WADENA COUNTY,Minnesota,2016,6.0
601,MCLEOD COUNTY,Minnesota,2016,4.0
602,MARSHALL COUNTY,Minnesota,2016,7.0
603,WRIGHT COUNTY,Minnesota,2016,3.8
604,MOWER COUNTY,Minnesota,2016,3.3
605,WABASHA COUNTY,Minnesota,2016,3.9
606,POLK COUNTY,Minnesota,2016,4.3
607,RAMSEY COUNTY,Minnesota,2016,3.6
608,ROSEAU COUNTY,Minnesota,2016,4.1
609,POPE COUNTY,Minnesota,2016,3.5
610,MILLE LACS COUNTY,Minnesota,2016,5.9
611,WASHINGTON COUNTY,Minnesota,2016,3.2
612,RENVILLE COUNTY,Minnesota,2016,4.9
613,SCOTT COUNTY,Minnesota,2016,3.2
614,OLMSTED COUNTY,Minnesota,2016,3.0
615,SIBLEY COUNTY,Minnesota,2016,4.2
616,BECKER COUNTY,Minnesota,2015,4.5
617,CARLTON COUNTY,Minnesota,2015,5.0
618,LAC QUI PARLE COUNTY,Minnesota,2015,4.2
619,DOUGLAS COUNTY,Minnesota,2015,3.5
620,COOK COUNTY,Minnesota,2015,4.5
621,ISANTI COUNTY,Minnesota,2015,4.4
622,BIG STONE COUNTY,Minnesota,2015,4.5
623,KITTSON COUNTY,Minnesota,2015,4.7
624,CASS COUNTY,Minnesota,2015,6.8
625,LINCOLN COUNTY,Minnesota,2015,3.6
626,COTTONWOOD COUNTY,Minnesota,2015,4.9
627,BENTON COUNTY,Minnesota,2015,4.5
628,KOOCHICHING COUNTY,Minnesota,2015,8.3
629,BLUE EARTH COUNTY,Minnesota,2015,3.0
630,BELTRAMI COUNTY,Minnesota,2015,5.0
631,CARVER COUNTY,Minnesota,2015,3.2
632,BROWN COUNTY,Minnesota,2015,4.2
633,HENNEPIN COUNTY,Minnesota,2015,3.4
634,AITKIN COUNTY,Minnesota,2015,6.7
635,GRANT COUNTY,Minnesota,2015,4.8
636,KANABEC COUNTY,Minnesota,2015,6.7
637,LYON COUNTY,Minnesota,2015,3.3
638,FILLMORE COUNTY,Minnesota,2015,4.2
639,CROW WING COUNTY,Minnesota,2015,5.3
640,DODGE COUNTY,Minnesota,2015,3.8
641,LAKE OF THE WOODS COUNTY,Minnesota,2015,4.6
642,CHISAGO COUNTY,Minnesota,2015,4.3
643,ITASCA COUNTY,Minnesota,2015,6.6
644,CLEARWATER COUNTY,Minnesota,2015,9.3
645,JACKSON COUNTY,Minnesota,2015,4.1
646,FARIBAULT COUNTY,Minnesota,2015,4.5
647,DAKOTA COUNTY,Minnesota,2015,3.4
648,CHIPPEWA COUNTY,Minnesota,2015,4.5
649,CLAY COUNTY,Minnesota,2015,3.2
650,LE SUEUR COUNTY,Minnesota,2015,4.9
651,HUBBARD COUNTY,Minnesota,2015,6.3
652,FREEBORN COUNTY,Minnesota,2015,3.9
653,LAKE COUNTY,Minnesota,2015,4.9
654,HOUSTON COUNTY,Minnesota,2015,3.9
655,GOODHUE COUNTY,Minnesota,2015,3.6
656,KANDIYOHI COUNTY,Minnesota,2015,3.8
657,ANOKA COUNTY,Minnesota,2015,3.7
659,RED LAKE COUNTY,Minnesota,2015,5.9
660,NORMAN COUNTY,Minnesota,2015,5.1
661,MARTIN COUNTY,Minnesota,2015,4.8
662,SWIFT COUNTY,Minnesota,2015,4.9
663,PENNINGTON COUNTY,Minnesota,2015,5.3
664,OTTER TAIL COUNTY,Minnesota,2015,4.6
665,SHERBURNE COUNTY,Minnesota,2015,4.6
666,STEARNS COUNTY,Minnesota,2015,4.2
667,MAHNOMEN COUNTY,Minnesota,2015,5.8
668,PINE COUNTY,Minnesota,2015,6.3
669,ROCK COUNTY,Minnesota,2015,2.6
670,MEEKER COUNTY,Minnesota,2015,4.7
671,TRAVERSE COUNTY,Minnesota,2015,4.7
672,MURRAY COUNTY,Minnesota,2015,5.0
673,MORRISON COUNTY,Minnesota,2015,6.4
674,STEELE COUNTY,Minnesota,2015,3.9
675,WASECA COUNTY,Minnesota,2015,4.9
676,SAINT LOUIS COUNTY,Minnesota,2015,5.2
677,RICE COUNTY,Minnesota,2015,4.2
678,WATONWAN COUNTY,Minnesota,2015,5.0
679,YELLOW MEDICINE COUNTY,Minnesota,2015,4.2
680,REDWOOD COUNTY,Minnesota,2015,4.5
681,STEVENS COUNTY,Minnesota,2015,3.3
682,NOBLES COUNTY,Minnesota,2015,3.5
683,TODD COUNTY,Minnesota,2015,4.8
684,PIPESTONE COUNTY,Minnesota,2015,3.9
685,WINONA COUNTY,Minnesota,2015,3.8
686,NICOLLET COUNTY,Minnesota,2015,3.1
687,WILKIN COUNTY,Minnesota,2015,3.5
688,WADENA COUNTY,Minnesota,2015,6.3
689,MCLEOD COUNTY,Minnesota,2015,4.7
690,MARSHALL COUNTY,Minnesota,2015,6.9
691,WRIGHT COUNTY,Minnesota,2015,4.3
692,MOWER COUNTY,Minnesota,2015,3.9
693,WABASHA COUNTY,Minnesota,2015,4.1
694,POLK COUNTY,Minnesota,2015,4.7
695,RAMSEY COUNTY,Minnesota,2015,4.1
696,ROSEAU COUNTY,Minnesota,2015,3.8
697,POPE COUNTY,Minnesota,2015,3.7
698,MILLE LACS COUNTY,Minnesota,2015,6.9
699,WASHINGTON COUNTY,Minnesota,2015,3.7
700,RENVILLE COUNTY,Minnesota,2015,5.7
701,SCOTT COUNTY,Minnesota,2015,3.7
702,OLMSTED COUNTY,Minnesota,2015,3.5
703,SIBLEY COUNTY,Minnesota,2015,4.7
704,BECKER COUNTY,Minnesota,2014,4.9
705,CARLTON COUNTY,Minnesota,2014,5.4
706,LAC QUI PARLE COUNTY,Minnesota,2014,4.9
707,DOUGLAS COUNTY,Minnesota,2014,3.8
708,COOK COUNTY,Minnesota,2014,5.8
709,ISANTI COUNTY,Minnesota,2014,5.2
710,BIG STONE COUNTY,Minnesota,2014,4.5
711,KITTSON COUNTY,Minnesota,2014,5.0
712,CASS COUNTY,Minnesota,2014,7.3
713,LINCOLN COUNTY,Minnesota,2014,4.4
714,COTTONWOOD COUNTY,Minnesota,2014,5.4
715,BENTON COUNTY,Minnesota,2014,5.2
716,KOOCHICHING COUNTY,Minnesota,2014,8.7
717,BLUE EARTH COUNTY,Minnesota,2014,3.5
718,BELTRAMI COUNTY,Minnesota,2014,5.4
719,CARVER COUNTY,Minnesota,2014,3.7
720,BROWN COUNTY,Minnesota,2014,4.7
721,HENNEPIN COUNTY,Minnesota,2014,3.9
722,AITKIN COUNTY,Minnesota,2014,6.8
723,GRANT COUNTY,Minnesota,2014,5.1
724,KANABEC COUNTY,Minnesota,2014,7.6
725,LYON COUNTY,Minnesota,2014,3.7
726,FILLMORE COUNTY,Minnesota,2014,4.5
727,CROW WING COUNTY,Minnesota,2014,6.0
728,DODGE COUNTY,Minnesota,2014,4.3
729,LAKE OF THE WOODS COUNTY,Minnesota,2014,4.9
730,CHISAGO COUNTY,Minnesota,2014,4.8
731,ITASCA COUNTY,Minnesota,2014,6.8
732,CLEARWATER COUNTY,Minnesota,2014,10.7
733,JACKSON COUNTY,Minnesota,2014,4.3
734,FARIBAULT COUNTY,Minnesota,2014,5.3
735,DAKOTA COUNTY,Minnesota,2014,3.9
736,CHIPPEWA COUNTY,Minnesota,2014,4.6
737,CLAY COUNTY,Minnesota,2014,3.5
738,LE SUEUR COUNTY,Minnesota,2014,5.5
739,HUBBARD COUNTY,Minnesota,2014,6.5
740,FREEBORN COUNTY,Minnesota,2014,4.4
741,LAKE COUNTY,Minnesota,2014,4.7
742,HOUSTON COUNTY,Minnesota,2014,4.5
743,GOODHUE COUNTY,Minnesota,2014,4.0
744,KANDIYOHI COUNTY,Minnesota,2014,4.3
745,ANOKA COUNTY,Minnesota,2014,4.2
747,RED LAKE COUNTY,Minnesota,2014,6.8
748,NORMAN COUNTY,Minnesota,2014,5.8
749,MARTIN COUNTY,Minnesota,2014,5.3
750,SWIFT COUNTY,Minnesota,2014,5.9
751,PENNINGTON COUNTY,Minnesota,2014,6.4
752,OTTER TAIL COUNTY,Minnesota,2014,5.3
753,SHERBURNE COUNTY,Minnesota,2014,5.4
754,STEARNS COUNTY,Minnesota,2014,5.0
755,MAHNOMEN COUNTY,Minnesota,2014,5.9
756,PINE COUNTY,Minnesota,2014,7.0
757,ROCK COUNTY,Minnesota,2014,3.2
758,MEEKER COUNTY,Minnesota,2014,5.6
759,TRAVERSE COUNTY,Minnesota,2014,5.1
760,MURRAY COUNTY,Minnesota,2014,5.4
761,MORRISON COUNTY,Minnesota,2014,6.8
762,STEELE COUNTY,Minnesota,2014,4.6
763,WASECA COUNTY,Minnesota,2014,5.6
764,SAINT LOUIS COUNTY,Minnesota,2014,6.1
765,RICE COUNTY,Minnesota,2014,5.0
766,WATONWAN COUNTY,Minnesota,2014,5.4
767,YELLOW MEDICINE COUNTY,Minnesota,2014,5.0
768,REDWOOD COUNTY,Minnesota,2014,5.6
769,STEVENS COUNTY,Minnesota,2014,3.8
770,NOBLES COUNTY,Minnesota,2014,4.1
771,TODD COUNTY,Minnesota,2014,5.4
772,PIPESTONE COUNTY,Minnesota,2014,4.7
773,WINONA COUNTY,Minnesota,2014,4.4
774,NICOLLET COUNTY,Minnesota,2014,3.8
775,WILKIN COUNTY,Minnesota,2014,4.2
776,WADENA COUNTY,Minnesota,2014,7.1
777,MCLEOD COUNTY,Minnesota,2014,5.7
778,MARSHALL COUNTY,Minnesota,2014,7.8
779,WRIGHT COUNTY,Minnesota,2014,5.1
780,MOWER COUNTY,Minnesota,2014,4.5
781,WABASHA COUNTY,Minnesota,2014,4.7
782,POLK COUNTY,Minnesota,2014,5.5
783,RAMSEY COUNTY,Minnesota,2014,5.0
784,ROSEAU COUNTY,Minnesota,2014,4.5
785,POPE COUNTY,Minnesota,2014,4.3
786,MILLE LACS COUNTY,Minnesota,2014,7.6
787,WASHINGTON COUNTY,Minnesota,2014,4.5
788,RENVILLE COUNTY,Minnesota,2014,6.6
789,SCOTT COUNTY,Minnesota,2014,4.5
790,OLMSTED COUNTY,Minnesota,2014,4.1
791,SIBLEY COUNTY,Minnesota,2014,5.6
792,BECKER COUNTY,Minnesota,2013,5.6
793,CARLTON COUNTY,Minnesota,2013,6.1
794,LAC QUI PARLE COUNTY,Minnesota,2013,5.7
795,DOUGLAS COUNTY,Minnesota,2013,4.5
796,COOK COUNTY,Minnesota,2013,5.9
797,ISANTI COUNTY,Minnesota,2013,6.1
798,BIG STONE COUNTY,Minnesota,2013,5.5
799,KITTSON COUNTY,Minnesota,2013,6.1
800,CASS COUNTY,Minnesota,2013,8.3
801,LINCOLN COUNTY,Minnesota,2013,4.7
802,COTTONWOOD COUNTY,Minnesota,2013,5.9
803,BENTON COUNTY,Minnesota,2013,6.0
804,KOOCHICHING COUNTY,Minnesota,2013,8.4
805,BLUE EARTH COUNTY,Minnesota,2013,4.2
806,BELTRAMI COUNTY,Minnesota,2013,6.3
807,CARVER COUNTY,Minnesota,2013,4.4
808,BROWN COUNTY,Minnesota,2013,5.3
809,HENNEPIN COUNTY,Minnesota,2013,4.7
810,AITKIN COUNTY,Minnesota,2013,7.6
811,GRANT COUNTY,Minnesota,2013,5.8
812,KANABEC COUNTY,Minnesota,2013,8.3
813,LYON COUNTY,Minnesota,2013,4.2
814,FILLMORE COUNTY,Minnesota,2013,5.1
815,CROW WING COUNTY,Minnesota,2013,7.0
816,DODGE COUNTY,Minnesota,2013,4.8
817,LAKE OF THE WOODS COUNTY,Minnesota,2013,5.8
818,CHISAGO COUNTY,Minnesota,2013,5.7
819,ITASCA COUNTY,Minnesota,2013,7.8
820,CLEARWATER COUNTY,Minnesota,2013,10.8
821,JACKSON COUNTY,Minnesota,2013,4.2
822,FARIBAULT COUNTY,Minnesota,2013,5.5
823,DAKOTA COUNTY,Minnesota,2013,4.6
824,CHIPPEWA COUNTY,Minnesota,2013,5.2
825,CLAY COUNTY,Minnesota,2013,4.4
826,LE SUEUR COUNTY,Minnesota,2013,6.2
827,HUBBARD COUNTY,Minnesota,2013,7.3
828,FREEBORN COUNTY,Minnesota,2013,5.1
829,LAKE COUNTY,Minnesota,2013,6.3
830,HOUSTON COUNTY,Minnesota,2013,5.1
831,GOODHUE COUNTY,Minnesota,2013,4.8
832,KANDIYOHI COUNTY,Minnesota,2013,4.8
833,ANOKA COUNTY,Minnesota,2013,5.1
835,RED LAKE COUNTY,Minnesota,2013,7.3
836,NORMAN COUNTY,Minnesota,2013,6.0
837,MARTIN COUNTY,Minnesota,2013,5.6
838,SWIFT COUNTY,Minnesota,2013,6.2
839,PENNINGTON COUNTY,Minnesota,2013,6.7
840,OTTER TAIL COUNTY,Minnesota,2013,5.6
841,SHERBURNE COUNTY,Minnesota,2013,6.2
842,STEARNS COUNTY,Minnesota,2013,5.4
843,MAHNOMEN COUNTY,Minnesota,2013,7.0
844,PINE COUNTY,Minnesota,2013,7.6
845,ROCK COUNTY,Minnesota,2013,3.7
846,MEEKER COUNTY,Minnesota,2013,6.6
847,TRAVERSE COUNTY,Minnesota,2013,5.1
848,MURRAY COUNTY,Minnesota,2013,5.2
849,MORRISON COUNTY,Minnesota,2013,7.1
850,STEELE COUNTY,Minnesota,2013,5.5
851,WASECA COUNTY,Minnesota,2013,5.8
852,SAINT LOUIS COUNTY,Minnesota,2013,6.5
853,RICE COUNTY,Minnesota,2013,5.9
854,WATONWAN COUNTY,Minnesota,2013,5.7
855,YELLOW MEDICINE COUNTY,Minnesota,2013,5.1
856,REDWOOD COUNTY,Minnesota,2013,5.6
857,STEVENS COUNTY,Minnesota,2013,4.3
858,NOBLES COUNTY,Minnesota,2013,4.4
859,TODD COUNTY,Minnesota,2013,5.8
860,PIPESTONE COUNTY,Minnesota,2013,5.0
861,WINONA COUNTY,Minnesota,2013,4.9
862,NICOLLET COUNTY,Minnesota,2013,4.6
863,WILKIN COUNTY,Minnesota,2013,4.8
864,WADENA COUNTY,Minnesota,2013,7.9
865,MCLEOD COUNTY,Minnesota,2013,6.8
866,MARSHALL COUNTY,Minnesota,2013,7.7
867,WRIGHT COUNTY,Minnesota,2013,5.9
868,MOWER COUNTY,Minnesota,2013,5.0
869,WABASHA COUNTY,Minnesota,2013,5.2
870,POLK COUNTY,Minnesota,2013,6.3
871,RAMSEY COUNTY,Minnesota,2013,5.8
872,ROSEAU COUNTY,Minnesota,2013,4.8
873,POPE COUNTY,Minnesota,2013,4.7
874,MILLE LACS COUNTY,Minnesota,2013,8.4
875,WASHINGTON COUNTY,Minnesota,2013,5.2
876,RENVILLE COUNTY,Minnesota,2013,6.8
877,SCOTT COUNTY,Minnesota,2013,5.0
878,OLMSTED COUNTY,Minnesota,2013,4.5
879,SIBLEY COUNTY,Minnesota,2013,6.0
880,BECKER COUNTY,Minnesota,2012,5.8
881,CARLTON COUNTY,Minnesota,2012,6.9
882,LAC QUI PARLE COUNTY,Minnesota,2012,5.1
883,DOUGLAS COUNTY,Minnesota,2012,5.1
884,COOK COUNTY,Minnesota,2012,6.3
885,ISANTI COUNTY,Minnesota,2012,7.0
886,BIG STONE COUNTY,Minnesota,2012,5.3
887,KITTSON COUNTY,Minnesota,2012,5.8
888,CASS COUNTY,Minnesota,2012,8.9
889,LINCOLN COUNTY,Minnesota,2012,4.8
890,COTTONWOOD COUNTY,Minnesota,2012,6.5
891,BENTON COUNTY,Minnesota,2012,6.4
892,KOOCHICHING COUNTY,Minnesota,2012,8.0
893,BLUE EARTH COUNTY,Minnesota,2012,4.8
894,BELTRAMI COUNTY,Minnesota,2012,7.0
895,CARVER COUNTY,Minnesota,2012,4.9
896,BROWN COUNTY,Minnesota,2012,5.7
897,HENNEPIN COUNTY,Minnesota,2012,5.3
898,AITKIN COUNTY,Minnesota,2012,8.1
899,GRANT COUNTY,Minnesota,2012,6.2
900,KANABEC COUNTY,Minnesota,2012,9.1
901,LYON COUNTY,Minnesota,2012,4.4
902,FILLMORE COUNTY,Minnesota,2012,5.6
903,CROW WING COUNTY,Minnesota,2012,7.7
904,DODGE COUNTY,Minnesota,2012,5.1
905,LAKE OF THE WOODS COUNTY,Minnesota,2012,6.1
906,CHISAGO COUNTY,Minnesota,2012,6.6
907,ITASCA COUNTY,Minnesota,2012,7.9
908,CLEARWATER COUNTY,Minnesota,2012,10.6
909,JACKSON COUNTY,Minnesota,2012,4.6
910,FARIBAULT COUNTY,Minnesota,2012,5.9
911,DAKOTA COUNTY,Minnesota,2012,5.3
912,CHIPPEWA COUNTY,Minnesota,2012,5.3
913,CLAY COUNTY,Minnesota,2012,4.9
914,LE SUEUR COUNTY,Minnesota,2012,6.5
915,HUBBARD COUNTY,Minnesota,2012,8.1
916,FREEBORN COUNTY,Minnesota,2012,5.8
917,LAKE COUNTY,Minnesota,2012,6.0
918,HOUSTON COUNTY,Minnesota,2012,5.8
919,GOODHUE COUNTY,Minnesota,2012,5.2
920,KANDIYOHI COUNTY,Minnesota,2012,5.3
921,ANOKA COUNTY,Minnesota,2012,5.9
923,RED LAKE COUNTY,Minnesota,2012,8.1
924,NORMAN COUNTY,Minnesota,2012,6.7
925,MARTIN COUNTY,Minnesota,2012,6.7
926,SWIFT COUNTY,Minnesota,2012,7.2
927,PENNINGTON COUNTY,Minnesota,2012,7.7
928,OTTER TAIL COUNTY,Minnesota,2012,6.4
929,SHERBURNE COUNTY,Minnesota,2012,7.2
930,STEARNS COUNTY,Minnesota,2012,6.3
931,MAHNOMEN COUNTY,Minnesota,2012,7.6
932,PINE COUNTY,Minnesota,2012,8.8
933,ROCK COUNTY,Minnesota,2012,4.2
934,MEEKER COUNTY,Minnesota,2012,7.8
935,TRAVERSE COUNTY,Minnesota,2012,6.0
936,MURRAY COUNTY,Minnesota,2012,6.3
937,MORRISON COUNTY,Minnesota,2012,8.3
938,STEELE COUNTY,Minnesota,2012,6.5
939,WASECA COUNTY,Minnesota,2012,6.3
940,SAINT LOUIS COUNTY,Minnesota,2012,7.4
941,RICE COUNTY,Minnesota,2012,6.7
942,WATONWAN COUNTY,Minnesota,2012,6.4
943,YELLOW MEDICINE COUNTY,Minnesota,2012,5.7
944,REDWOOD COUNTY,Minnesota,2012,6.1
945,STEVENS COUNTY,Minnesota,2012,4.9
946,NOBLES COUNTY,Minnesota,2012,5.3
947,TODD COUNTY,Minnesota,2012,6.8
948,PIPESTONE COUNTY,Minnesota,2012,6.5
949,WINONA COUNTY,Minnesota,2012,5.8
950,NICOLLET COUNTY,Minnesota,2012,5.1
951,WILKIN COUNTY,Minnesota,2012,5.6
952,WADENA COUNTY,Minnesota,2012,9.0
953,MCLEOD COUNTY,Minnesota,2012,7.7
954,MARSHALL COUNTY,Minnesota,2012,8.4
955,WRIGHT COUNTY,Minnesota,2012,6.8
956,MOWER COUNTY,Minnesota,2012,5.7
957,WABASHA COUNTY,Minnesota,2012,6.2
958,POLK COUNTY,Minnesota,2012,7.1
959,RAMSEY COUNTY,Minnesota,2012,6.7
960,ROSEAU COUNTY,Minnesota,2012,5.4
961,POPE COUNTY,Minnesota,2012,5.9
962,MILLE LACS COUNTY,Minnesota,2012,9.6
963,WASHINGTON COUNTY,Minnesota,2012,5.9
964,RENVILLE COUNTY,Minnesota,2012,7.4
965,SCOTT COUNTY,Minnesota,2012,5.8
966,OLMSTED COUNTY,Minnesota,2012,5.3
967,SIBLEY COUNTY,Minnesota,2012,6.9
968,BECKER COUNTY,Minnesota,2011,7.2
969,CARLTON COUNTY,Minnesota,2011,7.6
970,LAC QUI PARLE COUNTY,Minnesota,2011,6.1
971,DOUGLAS COUNTY,Minnesota,2011,6.1
972,COOK COUNTY,Minnesota,2011,6.9
973,ISANTI COUNTY,Minnesota,2011,8.3
974,BIG STONE COUNTY,Minnesota,2011,6.5
975,KITTSON COUNTY,Minnesota,2011,6.9
976,CASS COUNTY,Minnesota,2011,10.1
977,LINCOLN COUNTY,Minnesota,2011,5.2
978,COTTONWOOD COUNTY,Minnesota,2011,6.2
979,BENTON COUNTY,Minnesota,2011,7.6
980,KOOCHICHING COUNTY,Minnesota,2011,8.4
981,BLUE EARTH COUNTY,Minnesota,2011,5.4
982,BELTRAMI COUNTY,Minnesota,2011,8.2
983,CARVER COUNTY,Minnesota,2011,5.5
984,BROWN COUNTY,Minnesota,2011,5.9
985,HENNEPIN COUNTY,Minnesota,2011,6.1
986,AITKIN COUNTY,Minnesota,2011,9.6
987,GRANT COUNTY,Minnesota,2011,6.9
988,KANABEC COUNTY,Minnesota,2011,10.1
989,LYON COUNTY,Minnesota,2011,5.3
990,FILLMORE COUNTY,Minnesota,2011,6.7
991,CROW WING COUNTY,Minnesota,2011,8.8
992,DODGE COUNTY,Minnesota,2011,6.0
993,LAKE OF THE WOODS COUNTY,Minnesota,2011,6.2
994,CHISAGO COUNTY,Minnesota,2011,7.6
995,ITASCA COUNTY,Minnesota,2011,9.1
996,CLEARWATER COUNTY,Minnesota,2011,11.9
997,JACKSON COUNTY,Minnesota,2011,5.4
998,FARIBAULT COUNTY,Minnesota,2011,7.1
999,DAKOTA COUNTY,Minnesota,2011,6.1
1000,CHIPPEWA COUNTY,Minnesota,2011,6.3
1001,CLAY COUNTY,Minnesota,2011,5.6
1002,LE SUEUR COUNTY,Minnesota,2011,7.6
1003,HUBBARD COUNTY,Minnesota,2011,9.2
1004,FREEBORN COUNTY,Minnesota,2011,6.7
1005,LAKE COUNTY,Minnesota,2011,6.9
1006,HOUSTON COUNTY,Minnesota,2011,6.9
1007,GOODHUE COUNTY,Minnesota,2011,6.0
1008,KANDIYOHI COUNTY,Minnesota,2011,6.0
1009,ANOKA COUNTY,Minnesota,2011,6.9
1011,RED LAKE COUNTY,Minnesota,2011,9.6
1012,NORMAN COUNTY,Minnesota,2011,6.9
1013,MARTIN COUNTY,Minnesota,2011,7.3
1014,SWIFT COUNTY,Minnesota,2011,8.1
1015,PENNINGTON COUNTY,Minnesota,2011,9.0
1016,OTTER TAIL COUNTY,Minnesota,2011,7.2
1017,SHERBURNE COUNTY,Minnesota,2011,8.4
1018,STEARNS COUNTY,Minnesota,2011,7.2
1019,MAHNOMEN COUNTY,Minnesota,2011,8.3
1020,PINE COUNTY,Minnesota,2011,9.8
1021,ROCK COUNTY,Minnesota,2011,5.1
1022,MEEKER COUNTY,Minnesota,2011,8.8
1023,TRAVERSE COUNTY,Minnesota,2011,6.2
1024,MURRAY COUNTY,Minnesota,2011,6.8
1025,MORRISON COUNTY,Minnesota,2011,9.5
1026,STEELE COUNTY,Minnesota,2011,7.8
1027,WASECA COUNTY,Minnesota,2011,7.5
1028,SAINT LOUIS COUNTY,Minnesota,2011,8.1
1029,RICE COUNTY,Minnesota,2011,7.8
1030,WATONWAN COUNTY,Minnesota,2011,7.3
1031,YELLOW MEDICINE COUNTY,Minnesota,2011,6.3
1032,REDWOOD COUNTY,Minnesota,2011,6.7
1033,STEVENS COUNTY,Minnesota,2011,5.6
1034,NOBLES COUNTY,Minnesota,2011,5.6
1035,TODD COUNTY,Minnesota,2011,7.8
1036,PIPESTONE COUNTY,Minnesota,2011,6.6
1037,WINONA COUNTY,Minnesota,2011,6.9
1038,NICOLLET COUNTY,Minnesota,2011,6.1
1039,WILKIN COUNTY,Minnesota,2011,5.5
1040,WADENA COUNTY,Minnesota,2011,10.2
1041,MCLEOD COUNTY,Minnesota,2011,9.0
1042,MARSHALL COUNTY,Minnesota,2011,9.3
1043,WRIGHT COUNTY,Minnesota,2011,8.0
1044,MOWER COUNTY,Minnesota,2011,6.1
1045,WABASHA COUNTY,Minnesota,2011,7.1
1046,POLK COUNTY,Minnesota,2011,6.6
1047,RAMSEY COUNTY,Minnesota,2011,7.5
1048,ROSEAU COUNTY,Minnesota,2011,6.4
1049,POPE COUNTY,Minnesota,2011,7.1
1050,MILLE LACS COUNTY,Minnesota,2011,11.1
1051,WASHINGTON COUNTY,Minnesota,2011,6.7
1052,RENVILLE COUNTY,Minnesota,2011,8.1
1053,SCOTT COUNTY,Minnesota,2011,6.9
1054,OLMSTED COUNTY,Minnesota,2011,5.9
1055,SIBLEY COUNTY,Minnesota,2011,7.9
1056,BECKER COUNTY,Minnesota,2010,7.9
1057,CARLTON COUNTY,Minnesota,2010,8.4
1058,LAC QUI PARLE COUNTY,Minnesota,2010,6.7
1059,DOUGLAS COUNTY,Minnesota,2010,6.8
1060,COOK COUNTY,Minnesota,2010,7.2
1061,ISANTI COUNTY,Minnesota,2010,9.6
1062,BIG STONE COUNTY,Minnesota,2010,6.5
1063,KITTSON COUNTY,Minnesota,2010,7.5
1064,CASS COUNTY,Minnesota,2010,10.6
1065,LINCOLN COUNTY,Minnesota,2010,5.5
1066,COTTONWOOD COUNTY,Minnesota,2010,6.5
1067,BENTON COUNTY,Minnesota,2010,8.7
1068,KOOCHICHING COUNTY,Minnesota,2010,8.7
1069,BLUE EARTH COUNTY,Minnesota,2010,6.4
1070,BELTRAMI COUNTY,Minnesota,2010,8.2
1071,CARVER COUNTY,Minnesota,2010,6.7
1072,BROWN COUNTY,Minnesota,2010,6.9
1073,HENNEPIN COUNTY,Minnesota,2010,7.0
1074,AITKIN COUNTY,Minnesota,2010,10.4
1075,GRANT COUNTY,Minnesota,2010,7.9
1076,KANABEC COUNTY,Minnesota,2010,11.2
1077,LYON COUNTY,Minnesota,2010,5.6
1078,FILLMORE COUNTY,Minnesota,2010,7.5
1079,CROW WING COUNTY,Minnesota,2010,9.5
1080,DODGE COUNTY,Minnesota,2010,6.9
1081,LAKE OF THE WOODS COUNTY,Minnesota,2010,6.5
1082,CHISAGO COUNTY,Minnesota,2010,8.9
1083,ITASCA COUNTY,Minnesota,2010,10.2
1084,CLEARWATER COUNTY,Minnesota,2010,13.1
1085,JACKSON COUNTY,Minnesota,2010,5.8
1086,FARIBAULT COUNTY,Minnesota,2010,8.0
1087,DAKOTA COUNTY,Minnesota,2010,7.0
1088,CHIPPEWA COUNTY,Minnesota,2010,7.3
1089,CLAY COUNTY,Minnesota,2010,5.5
1090,LE SUEUR COUNTY,Minnesota,2010,8.9
1091,HUBBARD COUNTY,Minnesota,2010,9.9
1092,FREEBORN COUNTY,Minnesota,2010,7.7
1093,LAKE COUNTY,Minnesota,2010,8.3
1094,HOUSTON COUNTY,Minnesota,2010,7.7
1095,GOODHUE COUNTY,Minnesota,2010,7.0
1096,KANDIYOHI COUNTY,Minnesota,2010,6.7
1097,ANOKA COUNTY,Minnesota,2010,8.0
1099,RED LAKE COUNTY,Minnesota,2010,10.1
1100,NORMAN COUNTY,Minnesota,2010,6.4
1101,MARTIN COUNTY,Minnesota,2010,7.5
1102,SWIFT COUNTY,Minnesota,2010,7.2
1103,PENNINGTON COUNTY,Minnesota,2010,8.8
1104,OTTER TAIL COUNTY,Minnesota,2010,8.0
1105,SHERBURNE COUNTY,Minnesota,2010,9.1
1106,STEARNS COUNTY,Minnesota,2010,7.8
1107,MAHNOMEN COUNTY,Minnesota,2010,7.8
1108,PINE COUNTY,Minnesota,2010,11.2
1109,ROCK COUNTY,Minnesota,2010,5.3
1110,MEEKER COUNTY,Minnesota,2010,9.5
1111,TRAVERSE COUNTY,Minnesota,2010,6.6
1112,MURRAY COUNTY,Minnesota,2010,5.7
1113,MORRISON COUNTY,Minnesota,2010,11.0
1114,STEELE COUNTY,Minnesota,2010,8.6
1115,WASECA COUNTY,Minnesota,2010,8.2
1116,SAINT LOUIS COUNTY,Minnesota,2010,9.1
1117,RICE COUNTY,Minnesota,2010,8.5
1118,WATONWAN COUNTY,Minnesota,2010,8.8
1119,YELLOW MEDICINE COUNTY,Minnesota,2010,6.4
1120,REDWOOD COUNTY,Minnesota,2010,6.7
1121,STEVENS COUNTY,Minnesota,2010,5.3
1122,NOBLES COUNTY,Minnesota,2010,5.2
1123,TODD COUNTY,Minnesota,2010,8.9
1124,PIPESTONE COUNTY,Minnesota,2010,6.3
1125,WINONA COUNTY,Minnesota,2010,7.7
1126,NICOLLET COUNTY,Minnesota,2010,6.3
1127,WILKIN COUNTY,Minnesota,2010,5.4
1128,WADENA COUNTY,Minnesota,2010,10.9
1129,MCLEOD COUNTY,Minnesota,2010,9.5
1130,MARSHALL COUNTY,Minnesota,2010,9.8
1131,WRIGHT COUNTY,Minnesota,2010,8.9
1132,MOWER COUNTY,Minnesota,2010,6.2
1133,WABASHA COUNTY,Minnesota,2010,7.6
1134,POLK COUNTY,Minnesota,2010,5.9
1135,RAMSEY COUNTY,Minnesota,2010,7.6
1136,ROSEAU COUNTY,Minnesota,2010,7.6
1137,POPE COUNTY,Minnesota,2010,7.1
1138,MILLE LACS COUNTY,Minnesota,2010,12.5
1139,WASHINGTON COUNTY,Minnesota,2010,7.2
1140,RENVILLE COUNTY,Minnesota,2010,7.8
1141,SCOTT COUNTY,Minnesota,2010,7.3
1142,OLMSTED COUNTY,Minnesota,2010,6.1
1143,SIBLEY COUNTY,Minnesota,2010,7.9
1144,BECKER COUNTY,Minnesota,2009,8.6
1145,CARLTON COUNTY,Minnesota,2009,8.5
1146,LAC QUI PARLE COUNTY,Minnesota,2009,6.1
1147,DOUGLAS COUNTY,Minnesota,2009,6.6
1148,COOK COUNTY,Minnesota,2009,7.0
1149,ISANTI COUNTY,Minnesota,2009,10.0
1150,BIG STONE COUNTY,Minnesota,2009,5.7
1151,KITTSON COUNTY,Minnesota,2009,7.2
1152,CASS COUNTY,Minnesota,2009,10.6
1153,LINCOLN COUNTY,Minnesota,2009,5.8
1154,COTTONWOOD COUNTY,Minnesota,2009,6.3
1155,BENTON COUNTY,Minnesota,2009,8.5
1156,KOOCHICHING COUNTY,Minnesota,2009,9.4
1157,BLUE EARTH COUNTY,Minnesota,2009,6.4
1158,BELTRAMI COUNTY,Minnesota,2009,8.6
1159,CARVER COUNTY,Minnesota,2009,7.2
1160,BROWN COUNTY,Minnesota,2009,7.3
1161,HENNEPIN COUNTY,Minnesota,2009,7.3
1162,AITKIN COUNTY,Minnesota,2009,10.3
1163,GRANT COUNTY,Minnesota,2009,8.3
1164,KANABEC COUNTY,Minnesota,2009,13.0
1165,LYON COUNTY,Minnesota,2009,5.8
1166,FILLMORE COUNTY,Minnesota,2009,8.1
1167,CROW WING COUNTY,Minnesota,2009,9.6
1168,DODGE COUNTY,Minnesota,2009,7.4
1169,LAKE OF THE WOODS COUNTY,Minnesota,2009,7.6
1170,CHISAGO COUNTY,Minnesota,2009,9.9
1171,ITASCA COUNTY,Minnesota,2009,10.8
1172,CLEARWATER COUNTY,Minnesota,2009,14.7
1173,JACKSON COUNTY,Minnesota,2009,5.4
1174,FARIBAULT COUNTY,Minnesota,2009,9.2
1175,DAKOTA COUNTY,Minnesota,2009,7.2
1176,CHIPPEWA COUNTY,Minnesota,2009,7.7
1177,CLAY COUNTY,Minnesota,2009,4.8
1178,LE SUEUR COUNTY,Minnesota,2009,10.6
1179,HUBBARD COUNTY,Minnesota,2009,9.9
1180,FREEBORN COUNTY,Minnesota,2009,8.4
1181,LAKE COUNTY,Minnesota,2009,9.1
1182,HOUSTON COUNTY,Minnesota,2009,7.9
1183,GOODHUE COUNTY,Minnesota,2009,7.6
1184,KANDIYOHI COUNTY,Minnesota,2009,6.7
1185,ANOKA COUNTY,Minnesota,2009,8.4
1187,RED LAKE COUNTY,Minnesota,2009,7.9
1188,NORMAN COUNTY,Minnesota,2009,5.6
1189,MARTIN COUNTY,Minnesota,2009,4.9
1190,SWIFT COUNTY,Minnesota,2009,6.1
1191,PENNINGTON COUNTY,Minnesota,2009,7.1
1192,OTTER TAIL COUNTY,Minnesota,2009,6.1
1193,SHERBURNE COUNTY,Minnesota,2009,6.2
1194,STEARNS COUNTY,Minnesota,2009,5.6
1195,MAHNOMEN COUNTY,Minnesota,2009,7.2
1196,PINE COUNTY,Minnesota,2009,8.6
1197,ROCK COUNTY,Minnesota,2009,3.9
1198,MEEKER COUNTY,Minnesota,2009,6.6
1199,TRAVERSE COUNTY,Minnesota,2009,5.5
1200,MURRAY COUNTY,Minnesota,2009,5.1
1201,MORRISON COUNTY,Minnesota,2009,7.6
1202,STEELE COUNTY,Minnesota,2009,5.1
1203,WASECA COUNTY,Minnesota,2009,5.4
1204,SAINT LOUIS COUNTY,Minnesota,2009,6.3
1205,RICE COUNTY,Minnesota,2009,5.9
1206,WATONWAN COUNTY,Minnesota,2009,6.5
1207,YELLOW MEDICINE COUNTY,Minnesota,2009,5.1
1208,REDWOOD COUNTY,Minnesota,2009,5.4
1209,STEVENS COUNTY,Minnesota,2009,4.7
1210,NOBLES COUNTY,Minnesota,2009,4.2
1211,TODD COUNTY,Minnesota,2009,6.5
1212,PIPESTONE COUNTY,Minnesota,2009,4.4
1213,WINONA COUNTY,Minnesota,2009,4.8
1214,NICOLLET COUNTY,Minnesota,2009,4.3
1215,WILKIN COUNTY,Minnesota,2009,4.4
1216,WADENA COUNTY,Minnesota,2009,8.2
1217,MCLEOD COUNTY,Minnesota,2009,6.0
1218,MARSHALL COUNTY,Minnesota,2009,7.9
1219,WRIGHT COUNTY,Minnesota,2009,6.1
1220,MOWER COUNTY,Minnesota,2009,4.6
1221,WABASHA COUNTY,Minnesota,2009,5.0
1222,POLK COUNTY,Minnesota,2009,5.0
1223,RAMSEY COUNTY,Minnesota,2009,5.3
1224,ROSEAU COUNTY,Minnesota,2009,4.9
1225,POPE COUNTY,Minnesota,2009,5.3
1226,MILLE LACS COUNTY,Minnesota,2009,9.0
1227,WASHINGTON COUNTY,Minnesota,2009,5.0
1228,RENVILLE COUNTY,Minnesota,2009,5.8
1229,SCOTT COUNTY,Minnesota,2009,5.0
1230,OLMSTED COUNTY,Minnesota,2009,4.4
1231,SIBLEY COUNTY,Minnesota,2009,6.3
1232,BECKER COUNTY,Minnesota,2008,6.8
1233,CARLTON COUNTY,Minnesota,2008,6.7
1234,LAC QUI PARLE COUNTY,Minnesota,2008,4.8
1235,DOUGLAS COUNTY,Minnesota,2008,5.0
1236,COOK COUNTY,Minnesota,2008,5.6
1237,ISANTI COUNTY,Minnesota,2008,6.9
1238,BIG STONE COUNTY,Minnesota,2008,5.5
1239,KITTSON COUNTY,Minnesota,2008,5.7
1240,CASS COUNTY,Minnesota,2008,8.6
1241,LINCOLN COUNTY,Minnesota,2008,5.1
1242,COTTONWOOD COUNTY,Minnesota,2008,5.3
1243,BENTON COUNTY,Minnesota,2008,6.1
1244,KOOCHICHING COUNTY,Minnesota,2008,7.7
1245,BLUE EARTH COUNTY,Minnesota,2008,4.4
1246,BELTRAMI COUNTY,Minnesota,2008,6.9
1247,CARVER COUNTY,Minnesota,2008,4.9
1248,BROWN COUNTY,Minnesota,2008,6.0
1249,HENNEPIN COUNTY,Minnesota,2008,4.9
1250,AITKIN COUNTY,Minnesota,2008,8.1
1251,GRANT COUNTY,Minnesota,2008,7.0
1252,KANABEC COUNTY,Minnesota,2008,10.3
1253,LYON COUNTY,Minnesota,2008,4.4
1254,FILLMORE COUNTY,Minnesota,2008,6.1
1255,CROW WING COUNTY,Minnesota,2008,6.9
1256,DODGE COUNTY,Minnesota,2008,5.2
1257,LAKE OF THE WOODS COUNTY,Minnesota,2008,6.0
1258,CHISAGO COUNTY,Minnesota,2008,6.8
1259,ITASCA COUNTY,Minnesota,2008,7.9
1260,CLEARWATER COUNTY,Minnesota,2008,11.4
1261,JACKSON COUNTY,Minnesota,2008,4.2
1262,FARIBAULT COUNTY,Minnesota,2008,6.2
1263,DAKOTA COUNTY,Minnesota,2008,4.9
1264,CHIPPEWA COUNTY,Minnesota,2008,5.2
1265,CLAY COUNTY,Minnesota,2008,3.7
1266,LE SUEUR COUNTY,Minnesota,2008,7.4
1267,HUBBARD COUNTY,Minnesota,2008,7.6
1268,FREEBORN COUNTY,Minnesota,2008,5.7
1269,LAKE COUNTY,Minnesota,2008,5.3
1270,HOUSTON COUNTY,Minnesota,2008,5.8
1271,GOODHUE COUNTY,Minnesota,2008,5.7
1272,KANDIYOHI COUNTY,Minnesota,2008,5.0
1273,ANOKA COUNTY,Minnesota,2008,5.5
1275,RED LAKE COUNTY,Minnesota,2008,8.1
1276,NORMAN COUNTY,Minnesota,2008,5.1
1277,MARTIN COUNTY,Minnesota,2008,4.4
1278,SWIFT COUNTY,Minnesota,2008,5.2
1279,PENNINGTON COUNTY,Minnesota,2008,6.9
1280,OTTER TAIL COUNTY,Minnesota,2008,5.3
1281,SHERBURNE COUNTY,Minnesota,2008,5.0
1282,STEARNS COUNTY,Minnesota,2008,4.6
1283,MAHNOMEN COUNTY,Minnesota,2008,6.7
1284,PINE COUNTY,Minnesota,2008,7.6
1285,ROCK COUNTY,Minnesota,2008,3.2
1286,MEEKER COUNTY,Minnesota,2008,5.9
1287,TRAVERSE COUNTY,Minnesota,2008,5.2
1288,MURRAY COUNTY,Minnesota,2008,4.3
1289,MORRISON COUNTY,Minnesota,2008,6.2
1290,STEELE COUNTY,Minnesota,2008,4.3
1291,WASECA COUNTY,Minnesota,2008,4.7
1292,SAINT LOUIS COUNTY,Minnesota,2008,5.6
1293,RICE COUNTY,Minnesota,2008,5.0
1294,WATONWAN COUNTY,Minnesota,2008,5.0
1295,YELLOW MEDICINE COUNTY,Minnesota,2008,4.3
1296,REDWOOD COUNTY,Minnesota,2008,4.7
1297,STEVENS COUNTY,Minnesota,2008,3.7
1298,NOBLES COUNTY,Minnesota,2008,3.5
1299,TODD COUNTY,Minnesota,2008,5.4
1300,PIPESTONE COUNTY,Minnesota,2008,3.7
1301,WINONA COUNTY,Minnesota,2008,4.2
1302,NICOLLET COUNTY,Minnesota,2008,3.6
1303,WILKIN COUNTY,Minnesota,2008,3.8
1304,WADENA COUNTY,Minnesota,2008,7.4
1305,MCLEOD COUNTY,Minnesota,2008,5.0
1306,MARSHALL COUNTY,Minnesota,2008,8.0
1307,WRIGHT COUNTY,Minnesota,2008,5.1
1308,MOWER COUNTY,Minnesota,2008,4.0
1309,WABASHA COUNTY,Minnesota,2008,4.4
1310,POLK COUNTY,Minnesota,2008,4.6
1311,RAMSEY COUNTY,Minnesota,2008,4.4
1312,ROSEAU COUNTY,Minnesota,2008,6.3
1313,POPE COUNTY,Minnesota,2008,4.4
1314,MILLE LACS COUNTY,Minnesota,2008,7.6
1315,WASHINGTON COUNTY,Minnesota,2008,4.0
1316,RENVILLE COUNTY,Minnesota,2008,5.2
1317,SCOTT COUNTY,Minnesota,2008,4.0
1318,OLMSTED COUNTY,Minnesota,2008,3.8
1319,SIBLEY COUNTY,Minnesota,2008,5.0
1320,BECKER COUNTY,Minnesota,2007,5.7
1321,CARLTON COUNTY,Minnesota,2007,5.7
1322,LAC QUI PARLE COUNTY,Minnesota,2007,4.1
1323,DOUGLAS COUNTY,Minnesota,2007,4.4
1324,COOK COUNTY,Minnesota,2007,4.8
1325,ISANTI COUNTY,Minnesota,2007,6.0
1326,BIG STONE COUNTY,Minnesota,2007,4.7
1327,KITTSON COUNTY,Minnesota,2007,5.7
1328,CASS COUNTY,Minnesota,2007,7.1
1329,LINCOLN COUNTY,Minnesota,2007,4.5
1330,COTTONWOOD COUNTY,Minnesota,2007,4.0
1331,BENTON COUNTY,Minnesota,2007,5.0
1332,KOOCHICHING COUNTY,Minnesota,2007,7.0
1333,BLUE EARTH COUNTY,Minnesota,2007,3.7
1334,BELTRAMI COUNTY,Minnesota,2007,6.0
1335,CARVER COUNTY,Minnesota,2007,3.9
1336,BROWN COUNTY,Minnesota,2007,4.8
1337,HENNEPIN COUNTY,Minnesota,2007,4.1
1338,AITKIN COUNTY,Minnesota,2007,6.8
1339,GRANT COUNTY,Minnesota,2007,5.9
1340,KANABEC COUNTY,Minnesota,2007,8.3
1341,LYON COUNTY,Minnesota,2007,3.8
1342,FILLMORE COUNTY,Minnesota,2007,5.1
1343,CROW WING COUNTY,Minnesota,2007,5.6
1344,DODGE COUNTY,Minnesota,2007,4.3
1345,LAKE OF THE WOODS COUNTY,Minnesota,2007,5.0
1346,CHISAGO COUNTY,Minnesota,2007,5.8
1347,ITASCA COUNTY,Minnesota,2007,7.2
1348,CLEARWATER COUNTY,Minnesota,2007,10.3
1349,JACKSON COUNTY,Minnesota,2007,3.9
1350,FARIBAULT COUNTY,Minnesota,2007,5.2
1351,DAKOTA COUNTY,Minnesota,2007,4.1
1352,CHIPPEWA COUNTY,Minnesota,2007,4.3
1353,CLAY COUNTY,Minnesota,2007,3.4
1354,LE SUEUR COUNTY,Minnesota,2007,6.1
1355,HUBBARD COUNTY,Minnesota,2007,6.4
1356,FREEBORN COUNTY,Minnesota,2007,4.9
1357,LAKE COUNTY,Minnesota,2007,4.5
1358,HOUSTON COUNTY,Minnesota,2007,5.1
1359,GOODHUE COUNTY,Minnesota,2007,4.9
1360,KANDIYOHI COUNTY,Minnesota,2007,4.3
1361,ANOKA COUNTY,Minnesota,2007,4.5
1363,RED LAKE COUNTY,Minnesota,2007,6.7
1364,NORMAN COUNTY,Minnesota,2007,5.0
1365,MARTIN COUNTY,Minnesota,2007,4.2
1366,SWIFT COUNTY,Minnesota,2007,4.3
1367,PENNINGTON COUNTY,Minnesota,2007,5.5
1368,OTTER TAIL COUNTY,Minnesota,2007,4.9
1369,SHERBURNE COUNTY,Minnesota,2007,4.3
1370,STEARNS COUNTY,Minnesota,2007,4.0
1371,MAHNOMEN COUNTY,Minnesota,2007,5.5
1372,PINE COUNTY,Minnesota,2007,6.5
1373,ROCK COUNTY,Minnesota,2007,2.8
1374,MEEKER COUNTY,Minnesota,2007,5.1
1375,TRAVERSE COUNTY,Minnesota,2007,4.3
1376,MURRAY COUNTY,Minnesota,2007,3.9
1377,MORRISON COUNTY,Minnesota,2007,5.5
1378,STEELE COUNTY,Minnesota,2007,4.0
1379,WASECA COUNTY,Minnesota,2007,4.1
1380,SAINT LOUIS COUNTY,Minnesota,2007,5.0
1381,RICE COUNTY,Minnesota,2007,4.3
1382,WATONWAN COUNTY,Minnesota,2007,4.4
1383,YELLOW MEDICINE COUNTY,Minnesota,2007,4.1
1384,REDWOOD COUNTY,Minnesota,2007,4.1
1385,STEVENS COUNTY,Minnesota,2007,3.4
1386,NOBLES COUNTY,Minnesota,2007,3.1
1387,TODD COUNTY,Minnesota,2007,5.2
1388,PIPESTONE COUNTY,Minnesota,2007,3.3
1389,WINONA COUNTY,Minnesota,2007,3.6
1390,NICOLLET COUNTY,Minnesota,2007,3.1
1391,WILKIN COUNTY,Minnesota,2007,3.7
1392,WADENA COUNTY,Minnesota,2007,6.8
1393,MCLEOD COUNTY,Minnesota,2007,4.0
1394,MARSHALL COUNTY,Minnesota,2007,6.8
1395,WRIGHT COUNTY,Minnesota,2007,4.3
1396,MOWER COUNTY,Minnesota,2007,3.8
1397,WABASHA COUNTY,Minnesota,2007,4.0
1398,POLK COUNTY,Minnesota,2007,4.6
1399,RAMSEY COUNTY,Minnesota,2007,3.9
1400,ROSEAU COUNTY,Minnesota,2007,6.3
1401,POPE COUNTY,Minnesota,2007,3.9
1402,MILLE LACS COUNTY,Minnesota,2007,6.7
1403,WASHINGTON COUNTY,Minnesota,2007,3.5
1404,RENVILLE COUNTY,Minnesota,2007,4.9
1405,SCOTT COUNTY,Minnesota,2007,3.5
1406,OLMSTED COUNTY,Minnesota,2007,3.4
1407,SIBLEY COUNTY,Minnesota,2007,4.2
1408,BECKER COUNTY,Minnesota,2006,5.1
1409,CARLTON COUNTY,Minnesota,2006,5.2
1410,LAC QUI PARLE COUNTY,Minnesota,2006,3.7
1411,DOUGLAS COUNTY,Minnesota,2006,3.8
1412,COOK COUNTY,Minnesota,2006,4.4
1413,ISANTI COUNTY,Minnesota,2006,4.9
1414,BIG STONE COUNTY,Minnesota,2006,4.3
1415,KITTSON COUNTY,Minnesota,2006,5.4
1416,CASS COUNTY,Minnesota,2006,6.3
1417,LINCOLN COUNTY,Minnesota,2006,3.6
1418,COTTONWOOD COUNTY,Minnesota,2006,4.4
1419,BENTON COUNTY,Minnesota,2006,4.4
1420,KOOCHICHING COUNTY,Minnesota,2006,6.6
1421,BLUE EARTH COUNTY,Minnesota,2006,3.3
1422,BELTRAMI COUNTY,Minnesota,2006,5.2
1423,CARVER COUNTY,Minnesota,2006,3.3
1424,BROWN COUNTY,Minnesota,2006,4.4
1425,HENNEPIN COUNTY,Minnesota,2006,3.6
1426,AITKIN COUNTY,Minnesota,2006,5.9
1427,GRANT COUNTY,Minnesota,2006,5.2
1428,KANABEC COUNTY,Minnesota,2006,7.0
1429,LYON COUNTY,Minnesota,2006,3.3
1430,FILLMORE COUNTY,Minnesota,2006,4.1
1431,CROW WING COUNTY,Minnesota,2006,4.9
1432,DODGE COUNTY,Minnesota,2006,3.7
1433,LAKE OF THE WOODS COUNTY,Minnesota,2006,4.6
1434,CHISAGO COUNTY,Minnesota,2006,4.8
1435,ITASCA COUNTY,Minnesota,2006,6.0
1436,CLEARWATER COUNTY,Minnesota,2006,9.8
1437,JACKSON COUNTY,Minnesota,2006,3.9
1438,FARIBAULT COUNTY,Minnesota,2006,4.5
1439,DAKOTA COUNTY,Minnesota,2006,3.5
1440,CHIPPEWA COUNTY,Minnesota,2006,3.8
1441,CLAY COUNTY,Minnesota,2006,3.2
1442,LE SUEUR COUNTY,Minnesota,2006,5.4
1443,HUBBARD COUNTY,Minnesota,2006,5.5
1444,FREEBORN COUNTY,Minnesota,2006,4.4
1445,LAKE COUNTY,Minnesota,2006,4.1
1446,HOUSTON COUNTY,Minnesota,2006,4.3
1447,GOODHUE COUNTY,Minnesota,2006,4.3
1448,KANDIYOHI COUNTY,Minnesota,2006,3.9
1449,ANOKA COUNTY,Minnesota,2006,3.9
1451,RED LAKE COUNTY,Minnesota,2006,6.8
1452,NORMAN COUNTY,Minnesota,2006,4.6
1453,MARTIN COUNTY,Minnesota,2006,4.1
1454,SWIFT COUNTY,Minnesota,2006,4.5
1455,PENNINGTON COUNTY,Minnesota,2006,5.5
1456,OTTER TAIL COUNTY,Minnesota,2006,4.8
1457,SHERBURNE COUNTY,Minnesota,2006,4.3
1458,STEARNS COUNTY,Minnesota,2006,4.3
1459,MAHNOMEN COUNTY,Minnesota,2006,5.5
1460,PINE COUNTY,Minnesota,2006,6.6
1461,ROCK COUNTY,Minnesota,2006,3.0
1462,MEEKER COUNTY,Minnesota,2006,5.1
1463,TRAVERSE COUNTY,Minnesota,2006,3.8
1464,MURRAY COUNTY,Minnesota,2006,4.1
1465,MORRISON COUNTY,Minnesota,2006,5.4
1466,STEELE COUNTY,Minnesota,2006,4.1
1467,WASECA COUNTY,Minnesota,2006,4.4
1468,SAINT LOUIS COUNTY,Minnesota,2006,5.0
1469,RICE COUNTY,Minnesota,2006,4.5
1470,WATONWAN COUNTY,Minnesota,2006,4.1
1471,YELLOW MEDICINE COUNTY,Minnesota,2006,4.2
1472,REDWOOD COUNTY,Minnesota,2006,3.9
1473,STEVENS COUNTY,Minnesota,2006,3.6
1474,NOBLES COUNTY,Minnesota,2006,3.3
1475,TODD COUNTY,Minnesota,2006,5.1
1476,PIPESTONE COUNTY,Minnesota,2006,3.6
1477,WINONA COUNTY,Minnesota,2006,3.6
1478,NICOLLET COUNTY,Minnesota,2006,3.2
1479,WILKIN COUNTY,Minnesota,2006,3.7
1480,WADENA COUNTY,Minnesota,2006,6.7
1481,MCLEOD COUNTY,Minnesota,2006,4.1
1482,MARSHALL COUNTY,Minnesota,2006,7.1
1483,WRIGHT COUNTY,Minnesota,2006,4.3
1484,MOWER COUNTY,Minnesota,2006,3.8
1485,WABASHA COUNTY,Minnesota,2006,4.1
1486,POLK COUNTY,Minnesota,2006,4.5
1487,RAMSEY COUNTY,Minnesota,2006,3.9
1488,ROSEAU COUNTY,Minnesota,2006,5.0
1489,POPE COUNTY,Minnesota,2006,3.9
1490,MILLE LACS COUNTY,Minnesota,2006,6.7
1491,WASHINGTON COUNTY,Minnesota,2006,3.5
1492,RENVILLE COUNTY,Minnesota,2006,4.9
1493,SCOTT COUNTY,Minnesota,2006,3.5
1494,OLMSTED COUNTY,Minnesota,2006,3.5
1495,SIBLEY COUNTY,Minnesota,2006,4.2
1496,BECKER COUNTY,Minnesota,2005,5.4
1497,CARLTON COUNTY,Minnesota,2005,5.8
1498,LAC QUI PARLE COUNTY,Minnesota,2005,3.9
1499,DOUGLAS COUNTY,Minnesota,2005,3.8
1500,COOK COUNTY,Minnesota,2005,4.4
1501,ISANTI COUNTY,Minnesota,2005,4.8
1502,BIG STONE COUNTY,Minnesota,2005,4.6
1503,KITTSON COUNTY,Minnesota,2005,5.2
1504,CASS COUNTY,Minnesota,2005,6.2
1505,LINCOLN COUNTY,Minnesota,2005,3.6
1506,COTTONWOOD COUNTY,Minnesota,2005,4.3
1507,BENTON COUNTY,Minnesota,2005,4.7
1508,KOOCHICHING COUNTY,Minnesota,2005,6.1
1509,BLUE EARTH COUNTY,Minnesota,2005,3.3
1510,BELTRAMI COUNTY,Minnesota,2005,5.3
1511,CARVER COUNTY,Minnesota,2005,3.4
1512,BROWN COUNTY,Minnesota,2005,4.3
1513,HENNEPIN COUNTY,Minnesota,2005,3.7
1514,AITKIN COUNTY,Minnesota,2005,6.0
1515,GRANT COUNTY,Minnesota,2005,5.6
1516,KANABEC COUNTY,Minnesota,2005,6.7
1517,LYON COUNTY,Minnesota,2005,3.3
1518,FILLMORE COUNTY,Minnesota,2005,4.2
1519,CROW WING COUNTY,Minnesota,2005,4.9
1520,DODGE COUNTY,Minnesota,2005,3.9
1521,LAKE OF THE WOODS COUNTY,Minnesota,2005,4.5
1522,CHISAGO COUNTY,Minnesota,2005,4.8
1523,ITASCA COUNTY,Minnesota,2005,5.9
1524,CLEARWATER COUNTY,Minnesota,2005,10.1
1525,JACKSON COUNTY,Minnesota,2005,3.4
1526,FARIBAULT COUNTY,Minnesota,2005,4.8
1527,DAKOTA COUNTY,Minnesota,2005,3.6
1528,CHIPPEWA COUNTY,Minnesota,2005,4.1
1529,CLAY COUNTY,Minnesota,2005,3.4
1530,LE SUEUR COUNTY,Minnesota,2005,5.4
1531,HUBBARD COUNTY,Minnesota,2005,5.4
1532,FREEBORN COUNTY,Minnesota,2005,4.7
1533,LAKE COUNTY,Minnesota,2005,4.3
1534,HOUSTON COUNTY,Minnesota,2005,4.5
1535,GOODHUE COUNTY,Minnesota,2005,4.4
1536,KANDIYOHI COUNTY,Minnesota,2005,4.1
1537,ANOKA COUNTY,Minnesota,2005,3.9
1539,RED LAKE COUNTY,Minnesota,2005,7.8
1540,NORMAN COUNTY,Minnesota,2005,5.0
1541,MARTIN COUNTY,Minnesota,2005,4.9
1542,SWIFT COUNTY,Minnesota,2005,5.1
1543,PENNINGTON COUNTY,Minnesota,2005,6.5
1544,OTTER TAIL COUNTY,Minnesota,2005,5.2
1545,SHERBURNE COUNTY,Minnesota,2005,5.0
1546,STEARNS COUNTY,Minnesota,2005,4.6
1547,MAHNOMEN COUNTY,Minnesota,2005,5.8
1548,PINE COUNTY,Minnesota,2005,6.8
1549,ROCK COUNTY,Minnesota,2005,3.4
1550,MEEKER COUNTY,Minnesota,2005,5.6
1551,TRAVERSE COUNTY,Minnesota,2005,4.4
1552,MURRAY COUNTY,Minnesota,2005,4.4
1553,MORRISON COUNTY,Minnesota,2005,5.8
1554,STEELE COUNTY,Minnesota,2005,4.6
1555,WASECA COUNTY,Minnesota,2005,4.6
1556,SAINT LOUIS COUNTY,Minnesota,2005,5.8
1557,RICE COUNTY,Minnesota,2005,4.8
1558,WATONWAN COUNTY,Minnesota,2005,4.6
1559,YELLOW MEDICINE COUNTY,Minnesota,2005,5.1
1560,REDWOOD COUNTY,Minnesota,2005,4.5
1561,STEVENS COUNTY,Minnesota,2005,3.9
1562,NOBLES COUNTY,Minnesota,2005,3.9
1563,TODD COUNTY,Minnesota,2005,5.2
1564,PIPESTONE COUNTY,Minnesota,2005,4.3
1565,WINONA COUNTY,Minnesota,2005,4.4
1566,NICOLLET COUNTY,Minnesota,2005,3.7
1567,WILKIN COUNTY,Minnesota,2005,3.8
1568,WADENA COUNTY,Minnesota,2005,6.5
1569,MCLEOD COUNTY,Minnesota,2005,4.6
1570,MARSHALL COUNTY,Minnesota,2005,7.7
1571,WRIGHT COUNTY,Minnesota,2005,4.9
1572,MOWER COUNTY,Minnesota,2005,4.5
1573,WABASHA COUNTY,Minnesota,2005,4.4
1574,POLK COUNTY,Minnesota,2005,5.3
1575,RAMSEY COUNTY,Minnesota,2005,4.7
1576,ROSEAU COUNTY,Minnesota,2005,4.5
1577,POPE COUNTY,Minnesota,2005,4.1
1578,MILLE LACS COUNTY,Minnesota,2005,7.2
1579,WASHINGTON COUNTY,Minnesota,2005,4.1
1580,RENVILLE COUNTY,Minnesota,2005,5.7
1581,SCOTT COUNTY,Minnesota,2005,4.0
1582,OLMSTED COUNTY,Minnesota,2005,4.0
1583,SIBLEY COUNTY,Minnesota,2005,5.0
1584,BECKER COUNTY,Minnesota,2004,5.8
1585,CARLTON COUNTY,Minnesota,2004,6.4
1586,LAC QUI PARLE COUNTY,Minnesota,2004,4.4
1587,DOUGLAS COUNTY,Minnesota,2004,3.9
1588,COOK COUNTY,Minnesota,2004,4.8
1589,ISANTI COUNTY,Minnesota,2004,5.3
1590,BIG STONE COUNTY,Minnesota,2004,4.9
1591,KITTSON COUNTY,Minnesota,2004,6.7
1592,CASS COUNTY,Minnesota,2004,7.2
1593,LINCOLN COUNTY,Minnesota,2004,4.1
1594,COTTONWOOD COUNTY,Minnesota,2004,4.7
1595,BENTON COUNTY,Minnesota,2004,5.3
1596,KOOCHICHING COUNTY,Minnesota,2004,6.3
1597,BLUE EARTH COUNTY,Minnesota,2004,3.9
1598,BELTRAMI COUNTY,Minnesota,2004,5.8
1599,CARVER COUNTY,Minnesota,2004,4.0
1600,BROWN COUNTY,Minnesota,2004,4.9
1601,HENNEPIN COUNTY,Minnesota,2004,4.4
1602,AITKIN COUNTY,Minnesota,2004,6.9
1603,GRANT COUNTY,Minnesota,2004,5.9
1604,KANABEC COUNTY,Minnesota,2004,7.6
1605,LYON COUNTY,Minnesota,2004,3.8
1606,FILLMORE COUNTY,Minnesota,2004,5.0
1607,CROW WING COUNTY,Minnesota,2004,5.4
1608,DODGE COUNTY,Minnesota,2004,4.3
1609,LAKE OF THE WOODS COUNTY,Minnesota,2004,4.8
1610,CHISAGO COUNTY,Minnesota,2004,5.4
1611,ITASCA COUNTY,Minnesota,2004,7.4
1612,CLEARWATER COUNTY,Minnesota,2004,11.0
1613,JACKSON COUNTY,Minnesota,2004,3.7
1614,FARIBAULT COUNTY,Minnesota,2004,5.7
1615,DAKOTA COUNTY,Minnesota,2004,4.1
1616,CHIPPEWA COUNTY,Minnesota,2004,5.0
1617,CLAY COUNTY,Minnesota,2004,3.7
1618,LE SUEUR COUNTY,Minnesota,2004,5.7
1619,HUBBARD COUNTY,Minnesota,2004,5.9
1620,FREEBORN COUNTY,Minnesota,2004,5.3
1621,LAKE COUNTY,Minnesota,2004,4.8
1622,HOUSTON COUNTY,Minnesota,2004,5.2
1623,GOODHUE COUNTY,Minnesota,2004,4.9
1624,KANDIYOHI COUNTY,Minnesota,2004,4.5
1625,ANOKA COUNTY,Minnesota,2004,4.5
1627,RED LAKE COUNTY,Minnesota,2004,7.9
1628,NORMAN COUNTY,Minnesota,2004,5.4
1629,MARTIN COUNTY,Minnesota,2004,4.7
1630,SWIFT COUNTY,Minnesota,2004,5.0
1631,PENNINGTON COUNTY,Minnesota,2004,6.1
1632,OTTER TAIL COUNTY,Minnesota,2004,5.5
1633,SHERBURNE COUNTY,Minnesota,2004,5.1
1634,STEARNS COUNTY,Minnesota,2004,4.8
1635,MAHNOMEN COUNTY,Minnesota,2004,5.3
1636,PINE COUNTY,Minnesota,2004,6.9
1637,ROCK COUNTY,Minnesota,2004,3.5
1638,MEEKER COUNTY,Minnesota,2004,5.7
1639,TRAVERSE COUNTY,Minnesota,2004,4.6
1640,MURRAY COUNTY,Minnesota,2004,4.4
1641,MORRISON COUNTY,Minnesota,2004,6.2
1642,STEELE COUNTY,Minnesota,2004,4.9
1643,WASECA COUNTY,Minnesota,2004,4.7
1644,SAINT LOUIS COUNTY,Minnesota,2004,6.2
1645,RICE COUNTY,Minnesota,2004,4.8
1646,WATONWAN COUNTY,Minnesota,2004,4.9
1647,YELLOW MEDICINE COUNTY,Minnesota,2004,5.6
1648,REDWOOD COUNTY,Minnesota,2004,4.5
1649,STEVENS COUNTY,Minnesota,2004,3.9
1650,NOBLES COUNTY,Minnesota,2004,3.8
1651,TODD COUNTY,Minnesota,2004,5.0
1652,PIPESTONE COUNTY,Minnesota,2004,3.9
1653,WINONA COUNTY,Minnesota,2004,4.7
1654,NICOLLET COUNTY,Minnesota,2004,3.8
1655,WILKIN COUNTY,Minnesota,2004,3.9
1656,WADENA COUNTY,Minnesota,2004,6.6
1657,MCLEOD COUNTY,Minnesota,2004,4.6
1658,MARSHALL COUNTY,Minnesota,2004,8.3
1659,WRIGHT COUNTY,Minnesota,2004,5.1
1660,MOWER COUNTY,Minnesota,2004,4.5
1661,WABASHA COUNTY,Minnesota,2004,4.4
1662,POLK COUNTY,Minnesota,2004,5.1
1663,RAMSEY COUNTY,Minnesota,2004,4.8
1664,ROSEAU COUNTY,Minnesota,2004,7.3
1665,POPE COUNTY,Minnesota,2004,4.1
1666,MILLE LACS COUNTY,Minnesota,2004,7.4
1667,WASHINGTON COUNTY,Minnesota,2004,4.2
1668,RENVILLE COUNTY,Minnesota,2004,5.4
1669,SCOTT COUNTY,Minnesota,2004,4.3
1670,OLMSTED COUNTY,Minnesota,2004,4.3
1671,SIBLEY COUNTY,Minnesota,2004,4.9
1672,BECKER COUNTY,Minnesota,2003,6.0
1673,CARLTON COUNTY,Minnesota,2003,6.4
1674,LAC QUI PARLE COUNTY,Minnesota,2003,4.4
1675,DOUGLAS COUNTY,Minnesota,2003,3.9
1676,COOK COUNTY,Minnesota,2003,4.9
1677,ISANTI COUNTY,Minnesota,2003,5.7
1678,BIG STONE COUNTY,Minnesota,2003,4.7
1679,KITTSON COUNTY,Minnesota,2003,7.5
1680,CASS COUNTY,Minnesota,2003,7.0
1681,LINCOLN COUNTY,Minnesota,2003,4.0
1682,COTTONWOOD COUNTY,Minnesota,2003,4.6
1683,BENTON COUNTY,Minnesota,2003,5.4
1684,KOOCHICHING COUNTY,Minnesota,2003,6.5
1685,BLUE EARTH COUNTY,Minnesota,2003,3.9
1686,BELTRAMI COUNTY,Minnesota,2003,5.5
1687,CARVER COUNTY,Minnesota,2003,4.3
1688,BROWN COUNTY,Minnesota,2003,5.4
1689,HENNEPIN COUNTY,Minnesota,2003,4.7
1690,AITKIN COUNTY,Minnesota,2003,7.0
1691,GRANT COUNTY,Minnesota,2003,6.2
1692,KANABEC COUNTY,Minnesota,2003,8.1
1693,LYON COUNTY,Minnesota,2003,4.3
1694,FILLMORE COUNTY,Minnesota,2003,5.0
1695,CROW WING COUNTY,Minnesota,2003,5.8
1696,DODGE COUNTY,Minnesota,2003,4.4
1697,LAKE OF THE WOODS COUNTY,Minnesota,2003,4.6
1698,CHISAGO COUNTY,Minnesota,2003,5.8
1699,ITASCA COUNTY,Minnesota,2003,7.5
1700,CLEARWATER COUNTY,Minnesota,2003,11.2
1701,JACKSON COUNTY,Minnesota,2003,4.2
1702,FARIBAULT COUNTY,Minnesota,2003,5.2
1703,DAKOTA COUNTY,Minnesota,2003,4.3
1704,CHIPPEWA COUNTY,Minnesota,2003,5.2
1705,CLAY COUNTY,Minnesota,2003,3.6
1706,LE SUEUR COUNTY,Minnesota,2003,6.3
1707,HUBBARD COUNTY,Minnesota,2003,6.0
1708,FREEBORN COUNTY,Minnesota,2003,5.4
1709,LAKE COUNTY,Minnesota,2003,4.7
1710,HOUSTON COUNTY,Minnesota,2003,5.3
1711,GOODHUE COUNTY,Minnesota,2003,4.8
1712,KANDIYOHI COUNTY,Minnesota,2003,4.4
1713,ANOKA COUNTY,Minnesota,2003,4.8
1715,RED LAKE COUNTY,Minnesota,2003,8.4
1716,NORMAN COUNTY,Minnesota,2003,4.8
1717,MARTIN COUNTY,Minnesota,2003,4.0
1718,SWIFT COUNTY,Minnesota,2003,4.9
1719,PENNINGTON COUNTY,Minnesota,2003,5.8
1720,OTTER TAIL COUNTY,Minnesota,2003,5.0
1721,SHERBURNE COUNTY,Minnesota,2003,4.7
1722,STEARNS COUNTY,Minnesota,2003,4.4
1723,MAHNOMEN COUNTY,Minnesota,2003,5.9
1724,PINE COUNTY,Minnesota,2003,6.4
1725,ROCK COUNTY,Minnesota,2003,3.0
1726,MEEKER COUNTY,Minnesota,2003,5.1
1727,TRAVERSE COUNTY,Minnesota,2003,4.4
1728,MURRAY COUNTY,Minnesota,2003,3.8
1729,MORRISON COUNTY,Minnesota,2003,5.7
1730,STEELE COUNTY,Minnesota,2003,4.5
1731,WASECA COUNTY,Minnesota,2003,4.6
1732,SAINT LOUIS COUNTY,Minnesota,2003,5.6
1733,RICE COUNTY,Minnesota,2003,4.5
1734,WATONWAN COUNTY,Minnesota,2003,4.0
1735,YELLOW MEDICINE COUNTY,Minnesota,2003,4.7
1736,REDWOOD COUNTY,Minnesota,2003,4.0
1737,STEVENS COUNTY,Minnesota,2003,3.7
1738,NOBLES COUNTY,Minnesota,2003,3.3
1739,TODD COUNTY,Minnesota,2003,4.9
1740,PIPESTONE COUNTY,Minnesota,2003,3.2
1741,WINONA COUNTY,Minnesota,2003,4.1
1742,NICOLLET COUNTY,Minnesota,2003,3.6
1743,WILKIN COUNTY,Minnesota,2003,3.9
1744,WADENA COUNTY,Minnesota,2003,6.1
1745,MCLEOD COUNTY,Minnesota,2003,4.3
1746,MARSHALL COUNTY,Minnesota,2003,7.7
1747,WRIGHT COUNTY,Minnesota,2003,4.9
1748,MOWER COUNTY,Minnesota,2003,4.0
1749,WABASHA COUNTY,Minnesota,2003,3.8
1750,POLK COUNTY,Minnesota,2003,5.6
1751,RAMSEY COUNTY,Minnesota,2003,4.4
1752,ROSEAU COUNTY,Minnesota,2003,5.3
1753,POPE COUNTY,Minnesota,2003,3.9
1754,MILLE LACS COUNTY,Minnesota,2003,6.4
1755,WASHINGTON COUNTY,Minnesota,2003,3.8
1756,RENVILLE COUNTY,Minnesota,2003,4.9
1757,SCOTT COUNTY,Minnesota,2003,4.1
1758,OLMSTED COUNTY,Minnesota,2003,3.8
1759,SIBLEY COUNTY,Minnesota,2003,4.4
1760,BECKER COUNTY,Minnesota,2002,5.4
1761,CARLTON COUNTY,Minnesota,2002,6.2
1762,LAC QUI PARLE COUNTY,Minnesota,2002,3.7
1763,DOUGLAS COUNTY,Minnesota,2002,3.7
1764,COOK COUNTY,Minnesota,2002,4.8
1765,ISANTI COUNTY,Minnesota,2002,5.2
1766,BIG STONE COUNTY,Minnesota,2002,4.2
1767,KITTSON COUNTY,Minnesota,2002,5.9
1768,CASS COUNTY,Minnesota,2002,6.0
1769,LINCOLN COUNTY,Minnesota,2002,3.7
1770,COTTONWOOD COUNTY,Minnesota,2002,4.2
1771,BENTON COUNTY,Minnesota,2002,5.0
1772,KOOCHICHING COUNTY,Minnesota,2002,6.0
1773,BLUE EARTH COUNTY,Minnesota,2002,3.6
1774,BELTRAMI COUNTY,Minnesota,2002,4.8
1775,CARVER COUNTY,Minnesota,2002,4.1
1776,BROWN COUNTY,Minnesota,2002,4.6
1777,HENNEPIN COUNTY,Minnesota,2002,4.4
1778,AITKIN COUNTY,Minnesota,2002,6.5
1779,GRANT COUNTY,Minnesota,2002,6.2
1780,KANABEC COUNTY,Minnesota,2002,7.4
1781,LYON COUNTY,Minnesota,2002,3.9
1782,FILLMORE COUNTY,Minnesota,2002,4.2
1783,CROW WING COUNTY,Minnesota,2002,5.2
1784,DODGE COUNTY,Minnesota,2002,3.9
1785,LAKE OF THE WOODS COUNTY,Minnesota,2002,4.6
1786,CHISAGO COUNTY,Minnesota,2002,5.3
1787,ITASCA COUNTY,Minnesota,2002,6.2
1788,CLEARWATER COUNTY,Minnesota,2002,10.4
1789,JACKSON COUNTY,Minnesota,2002,3.6
1790,FARIBAULT COUNTY,Minnesota,2002,4.3
1791,DAKOTA COUNTY,Minnesota,2002,3.9
1792,CHIPPEWA COUNTY,Minnesota,2002,4.7
1793,CLAY COUNTY,Minnesota,2002,3.5
1794,LE SUEUR COUNTY,Minnesota,2002,5.9
1795,HUBBARD COUNTY,Minnesota,2002,5.2
1796,FREEBORN COUNTY,Minnesota,2002,4.9
1797,LAKE COUNTY,Minnesota,2002,4.8
1798,HOUSTON COUNTY,Minnesota,2002,4.8
1799,GOODHUE COUNTY,Minnesota,2002,4.5
1800,KANDIYOHI COUNTY,Minnesota,2002,4.1
1801,ANOKA COUNTY,Minnesota,2002,4.4
1803,RED LAKE COUNTY,Minnesota,2002,7.1
1804,NORMAN COUNTY,Minnesota,2002,4.3
1805,MARTIN COUNTY,Minnesota,2002,3.9
1806,SWIFT COUNTY,Minnesota,2002,4.5
1807,PENNINGTON COUNTY,Minnesota,2002,5.1
1808,OTTER TAIL COUNTY,Minnesota,2002,4.4
1809,SHERBURNE COUNTY,Minnesota,2002,3.8
1810,STEARNS COUNTY,Minnesota,2002,3.8
1811,MAHNOMEN COUNTY,Minnesota,2002,5.6
1812,PINE COUNTY,Minnesota,2002,6.2
1813,ROCK COUNTY,Minnesota,2002,2.6
1814,MEEKER COUNTY,Minnesota,2002,4.8
1815,TRAVERSE COUNTY,Minnesota,2002,4.6
1816,MURRAY COUNTY,Minnesota,2002,3.7
1817,MORRISON COUNTY,Minnesota,2002,5.4
1818,STEELE COUNTY,Minnesota,2002,3.8
1819,WASECA COUNTY,Minnesota,2002,3.7
1820,SAINT LOUIS COUNTY,Minnesota,2002,5.7
1821,RICE COUNTY,Minnesota,2002,3.6
1822,WATONWAN COUNTY,Minnesota,2002,3.5
1823,YELLOW MEDICINE COUNTY,Minnesota,2002,5.3
1824,REDWOOD COUNTY,Minnesota,2002,4.0
1825,STEVENS COUNTY,Minnesota,2002,3.4
1826,NOBLES COUNTY,Minnesota,2002,3.4
1827,TODD COUNTY,Minnesota,2002,4.5
1828,PIPESTONE COUNTY,Minnesota,2002,3.4
1829,WINONA COUNTY,Minnesota,2002,3.7
1830,NICOLLET COUNTY,Minnesota,2002,3.0
1831,WILKIN COUNTY,Minnesota,2002,3.9
1832,WADENA COUNTY,Minnesota,2002,5.9
1833,MCLEOD COUNTY,Minnesota,2002,3.6
1834,MARSHALL COUNTY,Minnesota,2002,7.0
1835,WRIGHT COUNTY,Minnesota,2002,3.8
1836,MOWER COUNTY,Minnesota,2002,3.4
1837,WABASHA COUNTY,Minnesota,2002,3.3
1838,POLK COUNTY,Minnesota,2002,4.9
1839,RAMSEY COUNTY,Minnesota,2002,3.5
1840,ROSEAU COUNTY,Minnesota,2002,3.5
1841,POPE COUNTY,Minnesota,2002,3.6
1842,MILLE LACS COUNTY,Minnesota,2002,5.4
1843,WASHINGTON COUNTY,Minnesota,2002,3.0
1844,RENVILLE COUNTY,Minnesota,2002,5.0
1845,SCOTT COUNTY,Minnesota,2002,3.3
1846,OLMSTED COUNTY,Minnesota,2002,2.8
1847,SIBLEY COUNTY,Minnesota,2002,3.9
1848,BECKER COUNTY,Minnesota,2001,5.3
1849,CARLTON COUNTY,Minnesota,2001,5.7
1850,LAC QUI PARLE COUNTY,Minnesota,2001,4.0
1851,DOUGLAS COUNTY,Minnesota,2001,3.6
1852,COOK COUNTY,Minnesota,2001,4.7
1853,ISANTI COUNTY,Minnesota,2001,4.2
1854,BIG STONE COUNTY,Minnesota,2001,4.3
1855,KITTSON COUNTY,Minnesota,2001,5.2
1856,CASS COUNTY,Minnesota,2001,5.7
1857,LINCOLN COUNTY,Minnesota,2001,3.5
1858,COTTONWOOD COUNTY,Minnesota,2001,3.8
1859,BENTON COUNTY,Minnesota,2001,4.3
1860,KOOCHICHING COUNTY,Minnesota,2001,5.6
1861,BLUE EARTH COUNTY,Minnesota,2001,3.0
1862,BELTRAMI COUNTY,Minnesota,2001,4.6
1863,CARVER COUNTY,Minnesota,2001,3.2
1864,BROWN COUNTY,Minnesota,2001,4.1
1865,HENNEPIN COUNTY,Minnesota,2001,3.5
1866,AITKIN COUNTY,Minnesota,2001,6.4
1867,GRANT COUNTY,Minnesota,2001,5.5
1868,KANABEC COUNTY,Minnesota,2001,6.4
1869,LYON COUNTY,Minnesota,2001,3.7
1870,FILLMORE COUNTY,Minnesota,2001,3.6
1871,CROW WING COUNTY,Minnesota,2001,4.4
1872,DODGE COUNTY,Minnesota,2001,3.4
1873,LAKE OF THE WOODS COUNTY,Minnesota,2001,4.5
1874,CHISAGO COUNTY,Minnesota,2001,4.5
1875,ITASCA COUNTY,Minnesota,2001,6.2
1876,CLEARWATER COUNTY,Minnesota,2001,9.8
1877,JACKSON COUNTY,Minnesota,2001,3.3
1878,FARIBAULT COUNTY,Minnesota,2001,4.3
1879,DAKOTA COUNTY,Minnesota,2001,3.1
1880,CHIPPEWA COUNTY,Minnesota,2001,4.9
1881,CLAY COUNTY,Minnesota,2001,3.3
1882,LE SUEUR COUNTY,Minnesota,2001,5.0
1883,HUBBARD COUNTY,Minnesota,2001,5.1
1884,FREEBORN COUNTY,Minnesota,2001,4.6
1885,LAKE COUNTY,Minnesota,2001,5.2
1886,HOUSTON COUNTY,Minnesota,2001,4.4
1887,GOODHUE COUNTY,Minnesota,2001,3.4
1888,KANDIYOHI COUNTY,Minnesota,2001,3.5
1889,ANOKA COUNTY,Minnesota,2001,3.5
1891,RED LAKE COUNTY,Minnesota,2001,
1892,NORMAN COUNTY,Minnesota,2001,
1893,MARTIN COUNTY,Minnesota,2001,
1894,SWIFT COUNTY,Minnesota,2001,
1895,PENNINGTON COUNTY,Minnesota,2001,
1896,OTTER TAIL COUNTY,Minnesota,2001,
1897,SHERBURNE COUNTY,Minnesota,2001,
1898,STEARNS COUNTY,Minnesota,2001,
1899,MAHNOMEN COUNTY,Minnesota,2001,
1900,PINE COUNTY,Minnesota,2001,
1901,ROCK COUNTY,Minnesota,2001,
1902,MEEKER COUNTY,Minnesota,2001,
1903,TRAVERSE COUNTY,Minnesota,2001,
1904,MURRAY COUNTY,Minnesota,2001,
1905,MORRISON COUNTY,Minnesota,2001,
1906,STEELE COUNTY,Minnesota,2001,
1907,WASECA COUNTY,Minnesota,2001,
1908,SAINT LOUIS COUNTY,Minnesota,2001,
1909,RICE COUNTY,Minnesota,2001,
1910,WATONWAN COUNTY,Minnesota,2001,
1911,YELLOW MEDICINE COUNTY,Minnesota,2001,
1912,REDWOOD COUNTY,Minnesota,2001,
1913,STEVENS COUNTY,Minnesota,2001,
1914,NOBLES COUNTY,Minnesota,2001,
1915,TODD COUNTY,Minnesota,2001,
1916,PIPESTONE COUNTY,Minnesota,2001,
1917,WINONA COUNTY,Minnesota,2001,
1918,NICOLLET COUNTY,Minnesota,2001,
1919,WILKIN COUNTY,Minnesota,2001,
1920,WADENA COUNTY,Minnesota,2001,
1921,MCLEOD COUNTY,Minnesota,2001,
1922,MARSHALL COUNTY,Minnesota,2001,
1923,WRIGHT COUNTY,Minnesota,2001,
1924,MOWER COUNTY,Minnesota,2001,
1925,WABASHA COUNTY,Minnesota,2001,
1926,POLK COUNTY,Minnesota,2001,
1927,RAMSEY COUNTY,Minnesota,2001,
1928,ROSEAU COUNTY,Minnesota,2001,
1929,POPE COUNTY,Minnesota,2001,
1930,MILLE LACS COUNTY,Minnesota,2001,
1931,WASHINGTON COUNTY,Minnesota,2001,
1932,RENVILLE COUNTY,Minnesota,2001,
1933,SCOTT COUNTY,Minnesota,2001,
1934,OLMSTED COUNTY,Minnesota,2001,
1935,SIBLEY COUNTY,Minnesota,2001,
